This file contains any messages produced by compilers while
running configure, to aid debugging if configure makes a mistake.

It was created by latte-int configure 1.7.6, which was
generated by GNU Autoconf 2.72.  Invocation command line was

  $ ./configure --prefix=/Users/vaw1/latte --with-default=/Users/vaw1/latte --with-gmp=/Users/vaw1/Downloads/latte/Homebrew/opt/gmp --with-ntl=/Users/vaw1/Downloads/latte/Homebrew/opt/ntl --with-cddlib=/Users/vaw1/Downloads/latte/Homebrew/opt/cddlib

## --------- ##
## Platform. ##
## --------- ##

hostname = c-76-151-123-125.hsd1.md.comcast.net
uname -m = arm64
uname -r = 23.0.0
uname -s = Darwin
uname -v = Darwin Kernel Version 23.0.0: Fri Sep 15 14:42:57 PDT 2023; root:xnu-10002.1.13~1/RELEASE_ARM64_T8112

/usr/bin/uname -p = arm
/bin/uname -X     = unknown

/bin/arch              = unknown
/usr/bin/arch -k       = unknown
/usr/convex/getsysinfo = unknown
/usr/bin/hostinfo      = Mach kernel version:
	 Darwin Kernel Version 23.0.0: Fri Sep 15 14:42:57 PDT 2023; root:xnu-10002.1.13~1/RELEASE_ARM64_T8112
Kernel configured for up to 8 processors.
8 processors are physically available.
8 processors are logically available.
Processor type: arm64e (ARM64E)
Processors active: 0 1 2 3 4 5 6 7
Primary memory available: 8.00 gigabytes
Default processor set: 317 tasks, 2881 threads, 8 processors
Load average: 1.27, Mach factor: 6.72
/bin/machine           = unknown
/usr/bin/oslevel       = unknown
/bin/universe          = unknown

PATH: /Users/vaw1/Downloads/latte/homebrew/opt/gmp/
PATH: /Users/vaw1/latte/
PATH: /Users/vaw1/Downloads/latte/homebrew/opt/m4/bin/
PATH: /Users/vaw1/Downloads/latte/homebrew/opt/
PATH: /Users/vaw1/Downloads/latte/homebrew/opt/
PATH: /Users/vaw1/Downloads/latte/homebrew/bin/
PATH: /Users/vaw1/Downloads/latte/homebrew/opt/
PATH: /Users/vaw1/Downloads/latte/homebrew/opt/libtool/libexec/gnubin/
PATH: /Users/vaw1/miniconda3/bin/
PATH: /Users/vaw1/miniconda3/condabin/
PATH: /Users/vaw1/.juliaup/bin/
PATH: /usr/local/bin/
PATH: /System/Cryptexes/App/usr/bin/
PATH: /usr/bin/
PATH: /bin/
PATH: /usr/sbin/
PATH: /sbin/
PATH: /var/run/com.apple.security.cryptexd/codex.system/bootstrap/usr/local/bin/
PATH: /var/run/com.apple.security.cryptexd/codex.system/bootstrap/usr/bin/
PATH: /var/run/com.apple.security.cryptexd/codex.system/bootstrap/usr/appleinternal/bin/


## ----------- ##
## Core tests. ##
## ----------- ##

configure:3879: looking for aux files: config.guess config.sub ltmain.sh compile missing install-sh
configure:3892:  trying ./
configure:3921:   ./config.guess found
configure:3921:   ./config.sub found
configure:3921:   ./ltmain.sh found
configure:3921:   ./compile found
configure:3921:   ./missing found
configure:3903:   ./install-sh found
configure:4054: checking for a BSD-compatible install
configure:4128: result: /usr/bin/install -c
configure:4139: checking whether sleep supports fractional seconds
configure:4155: result: yes
configure:4158: checking filesystem timestamp resolution
configure:4293: result: 2
configure:4298: checking whether build environment is sane
configure:4343: result: yes
configure:4514: checking for a race-free mkdir -p
configure:4557: result: mkdir -p
configure:4564: checking for gawk
configure:4600: result: no
configure:4564: checking for mawk
configure:4600: result: no
configure:4564: checking for nawk
configure:4600: result: no
configure:4564: checking for awk
configure:4585: found /usr/bin/awk
configure:4597: result: awk
configure:4608: checking whether make sets $(MAKE)
configure:4632: result: yes
configure:4658: checking whether make supports nested variables
configure:4677: result: yes
configure:4691: checking xargs -n works
configure:4707: result: yes
configure:4792: checking whether UID '502' is supported by ustar format
configure:4798: result: yes
configure:4805: checking whether GID '20' is supported by ustar format
configure:4811: result: yes
configure:4819: checking how to create a ustar tar archive
configure:4830: tar --version
bsdtar 3.5.3 - libarchive 3.5.3 zlib/1.2.12 liblzma/5.0.5 bz2lib/1.0.8 
configure:4833: $? = 0
configure:4873: tardir=conftest.dir && eval tar --format=ustar -chf - "$tardir" >conftest.tar
configure:4876: $? = 0
configure:4880: tar -xf - <conftest.tar
configure:4883: $? = 0
configure:4885: cat conftest.dir/file
GrepMe
configure:4888: $? = 0
configure:4903: result: gnutar
configure:4930: checking whether to enable maintainer-specific portions of Makefiles
configure:4941: result: no
configure:4979: checking whether make supports the include directive
configure:4994: make -f confmf.GNU && cat confinc.out
this is the am__doit target
configure:4997: $? = 0
configure:5016: result: yes (GNU style)
configure:5093: checking for gcc
configure:5114: found /usr/bin/gcc
configure:5126: result: gcc
configure:5485: checking for C compiler version
configure:5494: gcc --version >&5
Apple clang version 15.0.0 (clang-1500.3.9.4)
Target: arm64-apple-darwin23.0.0
Thread model: posix
InstalledDir: /Library/Developer/CommandLineTools/usr/bin
configure:5505: $? = 0
configure:5494: gcc -v >&5
Apple clang version 15.0.0 (clang-1500.3.9.4)
Target: arm64-apple-darwin23.0.0
Thread model: posix
InstalledDir: /Library/Developer/CommandLineTools/usr/bin
configure:5505: $? = 0
configure:5494: gcc -V >&5
clang: error: argument to '-V' is missing (expected 1 value)
clang: error: no input files
configure:5505: $? = 1
configure:5494: gcc -qversion >&5
clang: error: unknown argument '-qversion'; did you mean '--version'?
clang: error: no input files
configure:5505: $? = 1
configure:5494: gcc -version >&5
clang: error: unknown argument '-version'; did you mean '--version'?
clang: error: no input files
configure:5505: $? = 1
configure:5525: checking whether the C compiler works
configure:5547: gcc    conftest.c  >&5
configure:5551: $? = 0
configure:5602: result: yes
configure:5606: checking for C compiler default output file name
configure:5608: result: a.out
configure:5614: checking for suffix of executables
configure:5621: gcc -o conftest    conftest.c  >&5
configure:5625: $? = 0
configure:5649: result: 
configure:5673: checking whether we are cross compiling
configure:5681: gcc -o conftest    conftest.c  >&5
configure:5685: $? = 0
configure:5692: ./conftest
configure:5696: $? = 0
configure:5711: result: no
configure:5717: checking for suffix of object files
configure:5740: gcc -c   conftest.c >&5
configure:5744: $? = 0
configure:5768: result: o
configure:5772: checking whether the compiler supports GNU C
configure:5792: gcc -c   conftest.c >&5
configure:5792: $? = 0
configure:5804: result: yes
configure:5815: checking whether gcc accepts -g
configure:5836: gcc -c -g  conftest.c >&5
configure:5836: $? = 0
configure:5883: result: yes
configure:5903: checking for gcc option to enable C11 features
configure:5918: gcc  -c -g -O2  conftest.c >&5
configure:5918: $? = 0
configure:5937: result: none needed
configure:6061: checking whether gcc understands -c and -o together
configure:6084: gcc -c conftest.c -o conftest2.o
configure:6087: $? = 0
configure:6084: gcc -c conftest.c -o conftest2.o
configure:6087: $? = 0
configure:6103: result: yes
configure:6122: checking dependency style of gcc
configure:6235: result: gcc3
configure:6255: checking for stdio.h
configure:6255: gcc -c -g -O2  conftest.c >&5
configure:6255: $? = 0
configure:6255: result: yes
configure:6255: checking for stdlib.h
configure:6255: gcc -c -g -O2  conftest.c >&5
configure:6255: $? = 0
configure:6255: result: yes
configure:6255: checking for string.h
configure:6255: gcc -c -g -O2  conftest.c >&5
configure:6255: $? = 0
configure:6255: result: yes
configure:6255: checking for inttypes.h
configure:6255: gcc -c -g -O2  conftest.c >&5
configure:6255: $? = 0
configure:6255: result: yes
configure:6255: checking for stdint.h
configure:6255: gcc -c -g -O2  conftest.c >&5
configure:6255: $? = 0
configure:6255: result: yes
configure:6255: checking for strings.h
configure:6255: gcc -c -g -O2  conftest.c >&5
configure:6255: $? = 0
configure:6255: result: yes
configure:6255: checking for sys/stat.h
configure:6255: gcc -c -g -O2  conftest.c >&5
configure:6255: $? = 0
configure:6255: result: yes
configure:6255: checking for sys/types.h
configure:6255: gcc -c -g -O2  conftest.c >&5
configure:6255: $? = 0
configure:6255: result: yes
configure:6255: checking for unistd.h
configure:6255: gcc -c -g -O2  conftest.c >&5
configure:6255: $? = 0
configure:6255: result: yes
configure:6281: checking for minix/config.h
configure:6281: gcc -c -g -O2  conftest.c >&5
conftest.c:49:10: fatal error: 'minix/config.h' file not found
#include <minix/config.h>
         ^~~~~~~~~~~~~~~~
1 error generated.
configure:6281: $? = 1
configure: failed program was:
| /* confdefs.h */
| #define PACKAGE_NAME "latte-int"
| #define PACKAGE_TARNAME "latte-int"
| #define PACKAGE_VERSION "1.7.6"
| #define PACKAGE_STRING "latte-int 1.7.6"
| #define PACKAGE_BUGREPORT ""
| #define PACKAGE_URL ""
| #define PACKAGE "latte-int"
| #define VERSION "1.7.6"
| #define HAVE_STDIO_H 1
| #define HAVE_STDLIB_H 1
| #define HAVE_STRING_H 1
| #define HAVE_INTTYPES_H 1
| #define HAVE_STDINT_H 1
| #define HAVE_STRINGS_H 1
| #define HAVE_SYS_STAT_H 1
| #define HAVE_SYS_TYPES_H 1
| #define HAVE_UNISTD_H 1
| #define STDC_HEADERS 1
| /* end confdefs.h.  */
| #include <stddef.h>
| #ifdef HAVE_STDIO_H
| # include <stdio.h>
| #endif
| #ifdef HAVE_STDLIB_H
| # include <stdlib.h>
| #endif
| #ifdef HAVE_STRING_H
| # include <string.h>
| #endif
| #ifdef HAVE_INTTYPES_H
| # include <inttypes.h>
| #endif
| #ifdef HAVE_STDINT_H
| # include <stdint.h>
| #endif
| #ifdef HAVE_STRINGS_H
| # include <strings.h>
| #endif
| #ifdef HAVE_SYS_TYPES_H
| # include <sys/types.h>
| #endif
| #ifdef HAVE_SYS_STAT_H
| # include <sys/stat.h>
| #endif
| #ifdef HAVE_UNISTD_H
| # include <unistd.h>
| #endif
| #include <minix/config.h>
configure:6281: result: no
configure:6306: checking whether it is safe to define __EXTENSIONS__
configure:6325: gcc -c -g -O2  conftest.c >&5
configure:6325: $? = 0
configure:6335: result: yes
configure:6350: checking whether _XOPEN_SOURCE should be defined
configure:6370: gcc -c -g -O2  conftest.c >&5
configure:6370: $? = 0
configure:6398: result: no
configure:6436: checking build system type
configure:6452: result: aarch64-apple-darwin23.0.0
configure:6472: checking host system type
configure:6487: result: aarch64-apple-darwin23.0.0
configure:6528: checking how to print strings
configure:6555: result: printf
configure:6576: checking for a sed that does not truncate output
configure:6648: result: /usr/bin/sed
configure:6666: checking for grep that handles long lines and -e
configure:6732: result: /usr/bin/grep
configure:6737: checking for egrep
configure:6807: result: /usr/bin/grep -E
configure:6814: checking for fgrep
configure:6884: result: /usr/bin/grep -F
configure:6921: checking for ld used by gcc
configure:6990: result: /Library/Developer/CommandLineTools/usr/bin/ld
configure:6997: checking if the linker (/Library/Developer/CommandLineTools/usr/bin/ld) is GNU ld
configure:7014: result: no
configure:7026: checking for BSD- or MS-compatible name lister (nm)
configure:7082: result: /usr/bin/nm -B
configure:7224: checking the name lister (/usr/bin/nm -B) interface
configure:7232: gcc -c -g -O2  conftest.c >&5
configure:7235: /usr/bin/nm -B "conftest.o"
configure:7238: output
000000000000021c S _some_variable
0000000000000000 t ltmp0
000000000000021c s ltmp1
configure:7246: result: BSD nm
configure:7249: checking whether ln -s works
configure:7253: result: yes
configure:7261: checking the maximum length of command line arguments
configure:7394: result: 786432
configure:7442: checking how to convert aarch64-apple-darwin23.0.0 file names to aarch64-apple-darwin23.0.0 format
configure:7484: result: func_convert_file_noop
configure:7491: checking how to convert aarch64-apple-darwin23.0.0 file names to toolchain format
configure:7513: result: func_convert_file_noop
configure:7520: checking for /Library/Developer/CommandLineTools/usr/bin/ld option to reload object files
configure:7529: result: -r
configure:7562: checking for file
configure:7583: found /usr/bin/file
configure:7596: result: file
configure:7659: checking for objdump
configure:7680: found /usr/bin/objdump
configure:7692: result: objdump
configure:7724: checking how to recognize dependent libraries
configure:7933: result: pass_all
configure:8024: checking for dlltool
configure:8060: result: no
configure:8090: checking how to associate runtime and link libraries
configure:8119: result: printf %s\n
configure:8179: checking for ranlib
configure:8200: found /usr/bin/ranlib
configure:8212: result: ranlib
configure:8289: checking for ar
configure:8310: found /usr/bin/ar
configure:8322: result: ar
configure:8375: checking for archiver @FILE support
configure:8393: gcc -c -g -O2  conftest.c >&5
configure:8393: $? = 0
configure:8397: ar cr libconftest.a @conftest.lst >&5
ar: @conftest.lst: No such file or directory
configure:8400: $? = 1
configure:8421: result: no
configure:8485: checking for strip
configure:8506: found /usr/bin/strip
configure:8518: result: strip
configure:8621: checking command to parse /usr/bin/nm -B output from gcc object
configure:8775: gcc -c -g -O2  conftest.c >&5
configure:8778: $? = 0
configure:8782: /usr/bin/nm -B conftest.o | /usr/bin/sed -n -e 's/^.*[	 ]\([ABCDGIRSTW][ABCDGIRSTW]*\)[	 ][	 ]*\([_A-Za-z][_A-Za-z0-9]*\)$/\1 \2 \2/p' | /usr/bin/sed '/ __gnu_lto/d' > conftest.nm
cannot find nm_test_var in conftest.nm
configure:8775: gcc -c -g -O2  conftest.c >&5
configure:8778: $? = 0
configure:8782: /usr/bin/nm -B conftest.o | /usr/bin/sed -n -e 's/^.*[	 ]\([ABCDGIRSTW][ABCDGIRSTW]*\)[	 ][	 ]*_\([_A-Za-z][_A-Za-z0-9]*\)$/\1 _\2 \2/p' | /usr/bin/sed '/ __gnu_lto/d' > conftest.nm
configure:8848: gcc -o conftest -g -O2   conftest.c conftstm.o >&5
configure:8851: $? = 0
configure:8890: result: ok
configure:8937: checking for sysroot
configure:8971: result: no
configure:8978: checking for a working dd
configure:9023: result: /bin/dd
configure:9027: checking how to truncate binary pipes
configure:9044: result: /bin/dd bs=4096 count=1
configure:9384: checking for mt
configure:9420: result: no
configure:9440: checking if : is a manifest tool
configure:9447: : '-?'
configure:9456: result: no
configure:9518: checking for dsymutil
configure:9539: found /usr/bin/dsymutil
configure:9551: result: dsymutil
configure:9622: checking for nmedit
configure:9643: found /usr/bin/nmedit
configure:9655: result: nmedit
configure:9726: checking for lipo
configure:9747: found /usr/bin/lipo
configure:9759: result: lipo
configure:9830: checking for otool
configure:9851: found /usr/bin/otool
configure:9863: result: otool
configure:9934: checking for otool64
configure:9970: result: no
configure:10015: checking for -single_module linker flag
gcc -g -O2  -o libconftest.dylib -dynamiclib -Wl,-single_module conftest.c
ld: warning: -single_module is obsolete
configure:10050: result: no
configure:10055: checking for -no_fixup_chains linker flag
configure:10074: gcc -o conftest -g -O2   -Wl,-no_fixup_chains conftest.c  >&5
configure:10074: $? = 0
configure:10089: result: yes
configure:10092: checking for -exported_symbols_list linker flag
configure:10113: gcc -o conftest -g -O2   -Wl,-exported_symbols_list,conftest.sym conftest.c  >&5
configure:10113: $? = 0
configure:10126: result: yes
configure:10129: checking for -force_load linker flag
gcc -g -O2 -c -o conftest.o conftest.c
ar cr libconftest.a conftest.o
ranlib libconftest.a
gcc -g -O2  -o conftest conftest.c -Wl,-force_load,./libconftest.a
configure:10163: result: yes
configure:10249: checking for dlfcn.h
configure:10249: gcc -c -g -O2  conftest.c >&5
configure:10249: $? = 0
configure:10249: result: yes
configure:10552: checking for objdir
configure:10569: result: .libs
configure:10835: checking if gcc supports -fno-rtti -fno-exceptions
configure:10854: gcc -c -g -O2  -fno-rtti -fno-exceptions conftest.c >&5
configure:10858: $? = 0
configure:10872: result: yes
configure:11245: checking for gcc option to produce PIC
configure:11254: result: -fno-common -DPIC
configure:11262: checking if gcc PIC flag -fno-common -DPIC works
configure:11281: gcc -c -g -O2  -fno-common -DPIC -DPIC conftest.c >&5
configure:11285: $? = 0
configure:11299: result: yes
configure:11328: checking if gcc static flag -static works
configure:11358: result: no
configure:11373: checking if gcc supports -c -o file.o
configure:11395: gcc -c -g -O2  -o out/conftest2.o conftest.c >&5
configure:11399: $? = 0
configure:11422: result: yes
configure:11430: checking if gcc supports -c -o file.o
configure:11479: result: yes
configure:11512: checking whether the gcc linker (/Library/Developer/CommandLineTools/usr/bin/ld) supports shared libraries
configure:12796: result: yes
configure:13038: checking dynamic linker characteristics
configure:14422: result: darwin23.0.0 dyld
configure:14544: checking how to hardcode library paths into programs
configure:14569: result: immediate
configure:15169: checking whether stripping libraries is possible
configure:15186: result: yes
configure:15220: checking if libtool supports shared libraries
configure:15222: result: yes
configure:15225: checking whether to build shared libraries
configure:15250: result: yes
configure:15253: checking whether to build static libraries
configure:15257: result: yes
configure:15348: checking for gcc
configure:15381: result: gcc
configure:15740: checking for C compiler version
configure:15749: gcc --version >&5
Apple clang version 15.0.0 (clang-1500.3.9.4)
Target: arm64-apple-darwin23.0.0
Thread model: posix
InstalledDir: /Library/Developer/CommandLineTools/usr/bin
configure:15760: $? = 0
configure:15749: gcc -v >&5
Apple clang version 15.0.0 (clang-1500.3.9.4)
Target: arm64-apple-darwin23.0.0
Thread model: posix
InstalledDir: /Library/Developer/CommandLineTools/usr/bin
configure:15760: $? = 0
configure:15749: gcc -V >&5
clang: error: argument to '-V' is missing (expected 1 value)
clang: error: no input files
configure:15760: $? = 1
configure:15749: gcc -qversion >&5
clang: error: unknown argument '-qversion'; did you mean '--version'?
clang: error: no input files
configure:15760: $? = 1
configure:15749: gcc -version >&5
clang: error: unknown argument '-version'; did you mean '--version'?
clang: error: no input files
configure:15760: $? = 1
configure:15764: checking whether the compiler supports GNU C
configure:15796: result: yes
configure:15807: checking whether gcc accepts -g
configure:15875: result: yes
configure:15895: checking for gcc option to enable C11 features
configure:15929: result: none needed
configure:16053: checking whether gcc understands -c and -o together
configure:16095: result: yes
configure:16114: checking dependency style of gcc
configure:16227: result: gcc3
configure:16312: checking for g++
configure:16333: found /usr/bin/g++
configure:16345: result: g++
configure:16372: checking for C++ compiler version
configure:16381: g++ --version >&5
Apple clang version 15.0.0 (clang-1500.3.9.4)
Target: arm64-apple-darwin23.0.0
Thread model: posix
InstalledDir: /Library/Developer/CommandLineTools/usr/bin
configure:16392: $? = 0
configure:16381: g++ -v >&5
Apple clang version 15.0.0 (clang-1500.3.9.4)
Target: arm64-apple-darwin23.0.0
Thread model: posix
InstalledDir: /Library/Developer/CommandLineTools/usr/bin
configure:16392: $? = 0
configure:16381: g++ -V >&5
clang: error: argument to '-V' is missing (expected 1 value)
clang: error: no input files
configure:16392: $? = 1
configure:16381: g++ -qversion >&5
clang: error: unknown argument '-qversion'; did you mean '--version'?
clang: error: no input files
configure:16392: $? = 1
configure:16396: checking whether the compiler supports GNU C++
configure:16416: g++ -c   conftest.cpp >&5
configure:16416: $? = 0
configure:16428: result: yes
configure:16439: checking whether g++ accepts -g
configure:16460: g++ -c -g  conftest.cpp >&5
configure:16460: $? = 0
configure:16507: result: yes
configure:16527: checking for g++ option to enable C++11 features
configure:16542: g++  -c -g -O2  conftest.cpp >&5
conftest.cpp:75:3: error: "Compiler does not advertise C++11 conformance"
# error "Compiler does not advertise C++11 conformance"
  ^
conftest.cpp:80:3: error: unknown type name 'constexpr'
  constexpr int get_val() { return 20; }
  ^
conftest.cpp:92:17: error: delegating constructors are permitted only in C++11
    delegate(): delegate(2354) {}
                ^~~~~~~~
conftest.cpp:103:26: warning: 'override' keyword is a C++11 extension [-Wc++11-extensions]
    virtual int getval() override final { return this->n * 2; }
                         ^
conftest.cpp:103:35: warning: 'final' keyword is a C++11 extension [-Wc++11-extensions]
    virtual int getval() override final { return this->n * 2; }
                                  ^
conftest.cpp:110:16: warning: defaulted function definitions are a C++11 extension [-Wc++11-extensions]
    nocopy() = default;
               ^
conftest.cpp:111:29: warning: deleted function definitions are a C++11 extension [-Wc++11-extensions]
    nocopy(const nocopy&) = delete;
                            ^
conftest.cpp:112:41: warning: deleted function definitions are a C++11 extension [-Wc++11-extensions]
    nocopy & operator=(const nocopy&) = delete;
                                        ^
conftest.cpp:124:25: warning: 'auto' type specifier is a C++11 extension [-Wc++11-extensions]
  template <typename V> auto sum(V first) -> V
                        ^
conftest.cpp:124:25: error: 'auto' not allowed in function return type
  template <typename V> auto sum(V first) -> V
                        ^~~~
conftest.cpp:124:42: error: expected ';' at end of declaration
  template <typename V> auto sum(V first) -> V
                                         ^
                                         ;
conftest.cpp:124:43: error: cannot use arrow operator on a type
  template <typename V> auto sum(V first) -> V
                                          ^
conftest.cpp:128:33: warning: variadic templates are a C++11 extension [-Wc++11-extensions]
  template <typename V, typename... Args> auto sum(V first, Args... rest) -> V
                                ^
conftest.cpp:128:43: warning: 'auto' type specifier is a C++11 extension [-Wc++11-extensions]
  template <typename V, typename... Args> auto sum(V first, Args... rest) -> V
                                          ^
conftest.cpp:128:43: error: 'auto' not allowed in function return type
  template <typename V, typename... Args> auto sum(V first, Args... rest) -> V
                                          ^~~~
conftest.cpp:128:74: error: expected ';' at end of declaration
  template <typename V, typename... Args> auto sum(V first, Args... rest) -> V
                                                                         ^
                                                                         ;
conftest.cpp:128:75: error: cannot use arrow operator on a type
  template <typename V, typename... Args> auto sum(V first, Args... rest) -> V
                                                                          ^
conftest.cpp:152:3: warning: 'auto' type specifier is a C++11 extension [-Wc++11-extensions]
  auto a1 = 6538;
  ^
conftest.cpp:153:3: warning: 'auto' type specifier is a C++11 extension [-Wc++11-extensions]
  auto a2 = 48573953.4;
  ^
conftest.cpp:154:3: warning: 'auto' type specifier is a C++11 extension [-Wc++11-extensions]
  auto a3 = "String literal";
  ^
conftest.cpp:157:8: warning: 'auto' type specifier is a C++11 extension [-Wc++11-extensions]
  for (auto i = a3; *i; ++i) { total += *i; }
       ^
conftest.cpp:173:8: warning: 'auto' type specifier is a C++11 extension [-Wc++11-extensions]
  for (auto &x : array) { x += 23; }
       ^
conftest.cpp:173:16: warning: range-based for loop is a C++11 extension [-Wc++11-extensions]
  for (auto &x : array) { x += 23; }
               ^
conftest.cpp:178:17: error: expected expression
  assert (eval ([](int x) { return x*2; }, 21) == 42);
                ^
conftest.cpp:180:17: error: expected expression
  assert (eval ([&](double x) { return d += x; }, 3.0) == 5.0);
                ^
conftest.cpp:182:17: error: expected expression
  assert (eval ([=](double x) mutable { return d += x; }, 4.0) == 9.0);
                ^
conftest.cpp:188:3: warning: 'auto' type specifier is a C++11 extension [-Wc++11-extensions]
  auto a = sum(1);
  ^
conftest.cpp:188:12: error: no matching function for call to 'sum'
  auto a = sum(1);
           ^~~
conftest.cpp:189:3: warning: 'auto' type specifier is a C++11 extension [-Wc++11-extensions]
  auto b = sum(1, 2);
  ^
conftest.cpp:189:12: error: no matching function for call to 'sum'
  auto b = sum(1, 2);
           ^~~
conftest.cpp:190:3: warning: 'auto' type specifier is a C++11 extension [-Wc++11-extensions]
  auto c = sum(1.0, 2.0, 3.0);
  ^
conftest.cpp:190:12: error: no matching function for call to 'sum'
  auto c = sum(1.0, 2.0, 3.0);
           ^~~
conftest.cpp:195:25: warning: empty parentheses interpreted as a function declaration [-Wvexing-parse]
  cxx11test::delegate d2();
                        ^~
conftest.cpp:195:25: note: remove parentheses to declare a variable
  cxx11test::delegate d2();
                        ^~
conftest.cpp:208:16: error: found '<::' after a template name which forms the digraph '<:' (aka '[') and a ':', did you mean '< ::'?
  test_template<::test_template<int>> v(test_template<int>(12));
               ^~~
               < ::
conftest.cpp:208:36: error: a space is required between consecutive right angle brackets (use '> >')
  test_template<::test_template<int>> v(test_template<int>(12));
                                   ^~
                                   > >
conftest.cpp:212:22: error: use of undeclared identifier 'u8'
  char const *utf8 = u8"UTF-8 string \u2500";
                     ^
conftest.cpp:212:24: error: expected ';' at end of declaration
  char const *utf8 = u8"UTF-8 string \u2500";
                       ^
                       ;
fatal error: too many errors emitted, stopping now [-ferror-limit=]
18 warnings and 20 errors generated.
configure:16542: $? = 1
configure: failed program was:
| /* confdefs.h */
| #define PACKAGE_NAME "latte-int"
| #define PACKAGE_TARNAME "latte-int"
| #define PACKAGE_VERSION "1.7.6"
| #define PACKAGE_STRING "latte-int 1.7.6"
| #define PACKAGE_BUGREPORT ""
| #define PACKAGE_URL ""
| #define PACKAGE "latte-int"
| #define VERSION "1.7.6"
| #define HAVE_STDIO_H 1
| #define HAVE_STDLIB_H 1
| #define HAVE_STRING_H 1
| #define HAVE_INTTYPES_H 1
| #define HAVE_STDINT_H 1
| #define HAVE_STRINGS_H 1
| #define HAVE_SYS_STAT_H 1
| #define HAVE_SYS_TYPES_H 1
| #define HAVE_UNISTD_H 1
| #define STDC_HEADERS 1
| #define __EXTENSIONS__ 1
| #define _ALL_SOURCE 1
| #define _DARWIN_C_SOURCE 1
| #define _GNU_SOURCE 1
| #define _POSIX_PTHREAD_SEMANTICS 1
| #define _TANDEM_SOURCE 1
| #define HAVE_DLFCN_H 1
| #define LT_OBJDIR ".libs/"
| /* end confdefs.h.  */
| 
| // Does the compiler advertise C++98 conformance?
| #if !defined __cplusplus || __cplusplus < 199711L
| # error "Compiler does not advertise C++98 conformance"
| #endif
| 
| // These inclusions are to reject old compilers that
| // lack the unsuffixed header files.
| #include <cstdlib>
| #include <exception>
| 
| // <cassert> and <cstring> are *not* freestanding headers in C++98.
| extern void assert (int);
| namespace std {
|   extern int strcmp (const char *, const char *);
| }
| 
| // Namespaces, exceptions, and templates were all added after "C++ 2.0".
| using std::exception;
| using std::strcmp;
| 
| namespace {
| 
| void test_exception_syntax()
| {
|   try {
|     throw "test";
|   } catch (const char *s) {
|     // Extra parentheses suppress a warning when building autoconf itself,
|     // due to lint rules shared with more typical C programs.
|     assert (!(strcmp) (s, "test"));
|   }
| }
| 
| template <typename T> struct test_template
| {
|   T const val;
|   explicit test_template(T t) : val(t) {}
|   template <typename U> T add(U u) { return static_cast<T>(u) + val; }
| };
| 
| } // anonymous namespace
| 
| 
| // Does the compiler advertise C++ 2011 conformance?
| #if !defined __cplusplus || __cplusplus < 201103L
| # error "Compiler does not advertise C++11 conformance"
| #endif
| 
| namespace cxx11test
| {
|   constexpr int get_val() { return 20; }
| 
|   struct testinit
|   {
|     int i;
|     double d;
|   };
| 
|   class delegate
|   {
|   public:
|     delegate(int n) : n(n) {}
|     delegate(): delegate(2354) {}
| 
|     virtual int getval() { return this->n; };
|   protected:
|     int n;
|   };
| 
|   class overridden : public delegate
|   {
|   public:
|     overridden(int n): delegate(n) {}
|     virtual int getval() override final { return this->n * 2; }
|   };
| 
|   class nocopy
|   {
|   public:
|     nocopy(int i): i(i) {}
|     nocopy() = default;
|     nocopy(const nocopy&) = delete;
|     nocopy & operator=(const nocopy&) = delete;
|   private:
|     int i;
|   };
| 
|   // for testing lambda expressions
|   template <typename Ret, typename Fn> Ret eval(Fn f, Ret v)
|   {
|     return f(v);
|   }
| 
|   // for testing variadic templates and trailing return types
|   template <typename V> auto sum(V first) -> V
|   {
|     return first;
|   }
|   template <typename V, typename... Args> auto sum(V first, Args... rest) -> V
|   {
|     return first + sum(rest...);
|   }
| }
| 
| 
| int
| main (int argc, char **argv)
| {
|   int ok = 0;
|   
|   assert (argc);
|   assert (! argv[0]);
| {
|   test_exception_syntax ();
|   test_template<double> tt (2.0);
|   assert (tt.add (4) == 6.0);
|   assert (true && !false);
| }
| 
|   
| {
|   // Test auto and decltype
|   auto a1 = 6538;
|   auto a2 = 48573953.4;
|   auto a3 = "String literal";
| 
|   int total = 0;
|   for (auto i = a3; *i; ++i) { total += *i; }
| 
|   decltype(a2) a4 = 34895.034;
| }
| {
|   // Test constexpr
|   short sa[cxx11test::get_val()] = { 0 };
| }
| {
|   // Test initializer lists
|   cxx11test::testinit il = { 4323, 435234.23544 };
| }
| {
|   // Test range-based for
|   int array[] = {9, 7, 13, 15, 4, 18, 12, 10, 5, 3,
|                  14, 19, 17, 8, 6, 20, 16, 2, 11, 1};
|   for (auto &x : array) { x += 23; }
| }
| {
|   // Test lambda expressions
|   using cxx11test::eval;
|   assert (eval ([](int x) { return x*2; }, 21) == 42);
|   double d = 2.0;
|   assert (eval ([&](double x) { return d += x; }, 3.0) == 5.0);
|   assert (d == 5.0);
|   assert (eval ([=](double x) mutable { return d += x; }, 4.0) == 9.0);
|   assert (d == 5.0);
| }
| {
|   // Test use of variadic templates
|   using cxx11test::sum;
|   auto a = sum(1);
|   auto b = sum(1, 2);
|   auto c = sum(1.0, 2.0, 3.0);
| }
| {
|   // Test constructor delegation
|   cxx11test::delegate d1;
|   cxx11test::delegate d2();
|   cxx11test::delegate d3(45);
| }
| {
|   // Test override and final
|   cxx11test::overridden o1(55464);
| }
| {
|   // Test nullptr
|   char *c = nullptr;
| }
| {
|   // Test template brackets
|   test_template<::test_template<int>> v(test_template<int>(12));
| }
| {
|   // Unicode literals
|   char const *utf8 = u8"UTF-8 string \u2500";
|   char16_t const *utf16 = u"UTF-8 string \u2500";
|   char32_t const *utf32 = U"UTF-32 string \u2500";
| }
| 
|   return ok;
| }
| 
configure:16542: g++ -std=gnu++11 -c -g -O2  conftest.cpp >&5
conftest.cpp:195:25: warning: empty parentheses interpreted as a function declaration [-Wvexing-parse]
  cxx11test::delegate d2();
                        ^~
conftest.cpp:195:25: note: remove parentheses to declare a variable
  cxx11test::delegate d2();
                        ^~
1 warning generated.
configure:16542: $? = 0
configure:16564: result: -std=gnu++11
configure:16632: checking dependency style of g++ -std=gnu++11
configure:16745: result: gcc3
configure:16778: checking how to run the C++ preprocessor
configure:16800: g++ -std=gnu++11 -E  conftest.cpp
configure:16800: $? = 0
configure:16816: g++ -std=gnu++11 -E  conftest.cpp
conftest.cpp:29:10: fatal error: 'ac_nonexistent.h' file not found
#include <ac_nonexistent.h>
         ^~~~~~~~~~~~~~~~~~
1 error generated.
configure:16816: $? = 1
configure: failed program was:
| /* confdefs.h */
| #define PACKAGE_NAME "latte-int"
| #define PACKAGE_TARNAME "latte-int"
| #define PACKAGE_VERSION "1.7.6"
| #define PACKAGE_STRING "latte-int 1.7.6"
| #define PACKAGE_BUGREPORT ""
| #define PACKAGE_URL ""
| #define PACKAGE "latte-int"
| #define VERSION "1.7.6"
| #define HAVE_STDIO_H 1
| #define HAVE_STDLIB_H 1
| #define HAVE_STRING_H 1
| #define HAVE_INTTYPES_H 1
| #define HAVE_STDINT_H 1
| #define HAVE_STRINGS_H 1
| #define HAVE_SYS_STAT_H 1
| #define HAVE_SYS_TYPES_H 1
| #define HAVE_UNISTD_H 1
| #define STDC_HEADERS 1
| #define __EXTENSIONS__ 1
| #define _ALL_SOURCE 1
| #define _DARWIN_C_SOURCE 1
| #define _GNU_SOURCE 1
| #define _POSIX_PTHREAD_SEMANTICS 1
| #define _TANDEM_SOURCE 1
| #define HAVE_DLFCN_H 1
| #define LT_OBJDIR ".libs/"
| /* end confdefs.h.  */
| #include <ac_nonexistent.h>
configure:16845: result: g++ -std=gnu++11 -E
configure:16859: g++ -std=gnu++11 -E  conftest.cpp
configure:16859: $? = 0
configure:16875: g++ -std=gnu++11 -E  conftest.cpp
conftest.cpp:29:10: fatal error: 'ac_nonexistent.h' file not found
#include <ac_nonexistent.h>
         ^~~~~~~~~~~~~~~~~~
1 error generated.
configure:16875: $? = 1
configure: failed program was:
| /* confdefs.h */
| #define PACKAGE_NAME "latte-int"
| #define PACKAGE_TARNAME "latte-int"
| #define PACKAGE_VERSION "1.7.6"
| #define PACKAGE_STRING "latte-int 1.7.6"
| #define PACKAGE_BUGREPORT ""
| #define PACKAGE_URL ""
| #define PACKAGE "latte-int"
| #define VERSION "1.7.6"
| #define HAVE_STDIO_H 1
| #define HAVE_STDLIB_H 1
| #define HAVE_STRING_H 1
| #define HAVE_INTTYPES_H 1
| #define HAVE_STDINT_H 1
| #define HAVE_STRINGS_H 1
| #define HAVE_SYS_STAT_H 1
| #define HAVE_SYS_TYPES_H 1
| #define HAVE_UNISTD_H 1
| #define STDC_HEADERS 1
| #define __EXTENSIONS__ 1
| #define _ALL_SOURCE 1
| #define _DARWIN_C_SOURCE 1
| #define _GNU_SOURCE 1
| #define _POSIX_PTHREAD_SEMANTICS 1
| #define _TANDEM_SOURCE 1
| #define HAVE_DLFCN_H 1
| #define LT_OBJDIR ".libs/"
| /* end confdefs.h.  */
| #include <ac_nonexistent.h>
configure:17043: checking for ld used by g++ -std=gnu++11
configure:17112: result: /Library/Developer/CommandLineTools/usr/bin/ld
configure:17119: checking if the linker (/Library/Developer/CommandLineTools/usr/bin/ld) is GNU ld
configure:17136: result: no
configure:17190: checking whether the g++ -std=gnu++11 linker (/Library/Developer/CommandLineTools/usr/bin/ld) supports shared libraries
configure:18278: result: yes
configure:18314: g++ -std=gnu++11 -c -g -O2  conftest.cpp >&5
configure:18317: $? = 0
configure:18803: checking for g++ -std=gnu++11 option to produce PIC
configure:18812: result: -fno-common -DPIC
configure:18820: checking if g++ -std=gnu++11 PIC flag -fno-common -DPIC works
configure:18839: g++ -std=gnu++11 -c -g -O2  -fno-common -DPIC -DPIC conftest.cpp >&5
configure:18843: $? = 0
configure:18857: result: yes
configure:18880: checking if g++ -std=gnu++11 static flag -static works
configure:18910: result: no
configure:18922: checking if g++ -std=gnu++11 supports -c -o file.o
configure:18944: g++ -std=gnu++11 -c -g -O2  -o out/conftest2.o conftest.cpp >&5
configure:18948: $? = 0
configure:18971: result: yes
configure:18976: checking if g++ -std=gnu++11 supports -c -o file.o
configure:19025: result: yes
configure:19055: checking whether the g++ -std=gnu++11 linker (/Library/Developer/CommandLineTools/usr/bin/ld) supports shared libraries
configure:19095: result: yes
configure:19238: checking dynamic linker characteristics
configure:20532: result: darwin23.0.0 dyld
configure:20597: checking how to hardcode library paths into programs
configure:20622: result: immediate
configure:20670: checking how to run the C preprocessor
configure:20696: gcc -E  conftest.c
configure:20696: $? = 0
configure:20712: gcc -E  conftest.c
conftest.c:29:10: fatal error: 'ac_nonexistent.h' file not found
#include <ac_nonexistent.h>
         ^~~~~~~~~~~~~~~~~~
1 error generated.
configure:20712: $? = 1
configure: failed program was:
| /* confdefs.h */
| #define PACKAGE_NAME "latte-int"
| #define PACKAGE_TARNAME "latte-int"
| #define PACKAGE_VERSION "1.7.6"
| #define PACKAGE_STRING "latte-int 1.7.6"
| #define PACKAGE_BUGREPORT ""
| #define PACKAGE_URL ""
| #define PACKAGE "latte-int"
| #define VERSION "1.7.6"
| #define HAVE_STDIO_H 1
| #define HAVE_STDLIB_H 1
| #define HAVE_STRING_H 1
| #define HAVE_INTTYPES_H 1
| #define HAVE_STDINT_H 1
| #define HAVE_STRINGS_H 1
| #define HAVE_SYS_STAT_H 1
| #define HAVE_SYS_TYPES_H 1
| #define HAVE_UNISTD_H 1
| #define STDC_HEADERS 1
| #define __EXTENSIONS__ 1
| #define _ALL_SOURCE 1
| #define _DARWIN_C_SOURCE 1
| #define _GNU_SOURCE 1
| #define _POSIX_PTHREAD_SEMANTICS 1
| #define _TANDEM_SOURCE 1
| #define HAVE_DLFCN_H 1
| #define LT_OBJDIR ".libs/"
| /* end confdefs.h.  */
| #include <ac_nonexistent.h>
configure:20741: result: gcc -E
configure:20755: gcc -E  conftest.c
configure:20755: $? = 0
configure:20771: gcc -E  conftest.c
conftest.c:29:10: fatal error: 'ac_nonexistent.h' file not found
#include <ac_nonexistent.h>
         ^~~~~~~~~~~~~~~~~~
1 error generated.
configure:20771: $? = 1
configure: failed program was:
| /* confdefs.h */
| #define PACKAGE_NAME "latte-int"
| #define PACKAGE_TARNAME "latte-int"
| #define PACKAGE_VERSION "1.7.6"
| #define PACKAGE_STRING "latte-int 1.7.6"
| #define PACKAGE_BUGREPORT ""
| #define PACKAGE_URL ""
| #define PACKAGE "latte-int"
| #define VERSION "1.7.6"
| #define HAVE_STDIO_H 1
| #define HAVE_STDLIB_H 1
| #define HAVE_STRING_H 1
| #define HAVE_INTTYPES_H 1
| #define HAVE_STDINT_H 1
| #define HAVE_STRINGS_H 1
| #define HAVE_SYS_STAT_H 1
| #define HAVE_SYS_TYPES_H 1
| #define HAVE_UNISTD_H 1
| #define STDC_HEADERS 1
| #define __EXTENSIONS__ 1
| #define _ALL_SOURCE 1
| #define _DARWIN_C_SOURCE 1
| #define _GNU_SOURCE 1
| #define _POSIX_PTHREAD_SEMANTICS 1
| #define _TANDEM_SOURCE 1
| #define HAVE_DLFCN_H 1
| #define LT_OBJDIR ".libs/"
| /* end confdefs.h.  */
| #include <ac_nonexistent.h>
configure:20804: checking for egrep -e
configure:20934: result: /usr/bin/grep -E
configure:20940: checking for Minix Amsterdam compiler
configure:20968: result: no
configure:21217: checking for gcc option to enable large file support
configure:21252: gcc -c -g -O2  conftest.c >&5
configure:21252: $? = 0
configure:21258: gcc -DFTYPE=ino_t -c -g -O2  conftest.c >&5
configure:21258: $? = 0
configure:21295: result: none needed
configure:21460: checking for size_t
configure:21460: gcc -c -g -O2  conftest.c >&5
configure:21460: $? = 0
configure:21460: gcc -c -g -O2  conftest.c >&5
conftest.c:60:21: error: expected expression
if (sizeof ((size_t)))
                    ^
1 error generated.
configure:21460: $? = 1
configure: failed program was:
| /* confdefs.h */
| #define PACKAGE_NAME "latte-int"
| #define PACKAGE_TARNAME "latte-int"
| #define PACKAGE_VERSION "1.7.6"
| #define PACKAGE_STRING "latte-int 1.7.6"
| #define PACKAGE_BUGREPORT ""
| #define PACKAGE_URL ""
| #define PACKAGE "latte-int"
| #define VERSION "1.7.6"
| #define HAVE_STDIO_H 1
| #define HAVE_STDLIB_H 1
| #define HAVE_STRING_H 1
| #define HAVE_INTTYPES_H 1
| #define HAVE_STDINT_H 1
| #define HAVE_STRINGS_H 1
| #define HAVE_SYS_STAT_H 1
| #define HAVE_SYS_TYPES_H 1
| #define HAVE_UNISTD_H 1
| #define STDC_HEADERS 1
| #define __EXTENSIONS__ 1
| #define _ALL_SOURCE 1
| #define _DARWIN_C_SOURCE 1
| #define _GNU_SOURCE 1
| #define _POSIX_PTHREAD_SEMANTICS 1
| #define _TANDEM_SOURCE 1
| #define HAVE_DLFCN_H 1
| #define LT_OBJDIR ".libs/"
| /* end confdefs.h.  */
| #include <stddef.h>
| #ifdef HAVE_STDIO_H
| # include <stdio.h>
| #endif
| #ifdef HAVE_STDLIB_H
| # include <stdlib.h>
| #endif
| #ifdef HAVE_STRING_H
| # include <string.h>
| #endif
| #ifdef HAVE_INTTYPES_H
| # include <inttypes.h>
| #endif
| #ifdef HAVE_STDINT_H
| # include <stdint.h>
| #endif
| #ifdef HAVE_STRINGS_H
| # include <strings.h>
| #endif
| #ifdef HAVE_SYS_TYPES_H
| # include <sys/types.h>
| #endif
| #ifdef HAVE_SYS_STAT_H
| # include <sys/stat.h>
| #endif
| #ifdef HAVE_UNISTD_H
| # include <unistd.h>
| #endif
| int
| main (void)
| {
| if (sizeof ((size_t)))
| 	    return 0;
|   ;
|   return 0;
| }
configure:21460: result: yes
configure:21473: checking for working alloca.h
configure:21491: gcc -o conftest -g -O2   conftest.c  >&5
configure:21491: $? = 0
configure:21502: result: yes
configure:21510: checking for alloca
configure:21555: result: yes
configure:21714: checking for canonicalize_file_name
configure:21714: gcc -o conftest -g -O2   conftest.c  >&5
Undefined symbols for architecture arm64:
  "_canonicalize_file_name", referenced from:
      _main in conftest-f32786.o
ld: symbol(s) not found for architecture arm64
clang: error: linker command failed with exit code 1 (use -v to see invocation)
configure:21714: $? = 1
configure: failed program was:
| /* confdefs.h */
| #define PACKAGE_NAME "latte-int"
| #define PACKAGE_TARNAME "latte-int"
| #define PACKAGE_VERSION "1.7.6"
| #define PACKAGE_STRING "latte-int 1.7.6"
| #define PACKAGE_BUGREPORT ""
| #define PACKAGE_URL ""
| #define PACKAGE "latte-int"
| #define VERSION "1.7.6"
| #define HAVE_STDIO_H 1
| #define HAVE_STDLIB_H 1
| #define HAVE_STRING_H 1
| #define HAVE_INTTYPES_H 1
| #define HAVE_STDINT_H 1
| #define HAVE_STRINGS_H 1
| #define HAVE_SYS_STAT_H 1
| #define HAVE_SYS_TYPES_H 1
| #define HAVE_UNISTD_H 1
| #define STDC_HEADERS 1
| #define __EXTENSIONS__ 1
| #define _ALL_SOURCE 1
| #define _DARWIN_C_SOURCE 1
| #define _GNU_SOURCE 1
| #define _POSIX_PTHREAD_SEMANTICS 1
| #define _TANDEM_SOURCE 1
| #define HAVE_DLFCN_H 1
| #define LT_OBJDIR ".libs/"
| #define HAVE_ALLOCA_H 1
| #define HAVE_ALLOCA 1
| /* end confdefs.h.  */
| /* Define canonicalize_file_name to an innocuous variant, in case <limits.h> declares canonicalize_file_name.
|    For example, HP-UX 11i <limits.h> declares gettimeofday.  */
| #define canonicalize_file_name innocuous_canonicalize_file_name
| 
| /* System header to define __stub macros and hopefully few prototypes,
|    which can conflict with char canonicalize_file_name (void); below.  */
| 
| #include <limits.h>
| #undef canonicalize_file_name
| 
| /* Override any GCC internal prototype to avoid an error.
|    Use char because int might match the return type of a GCC
|    builtin and then its argument prototype would still apply.  */
| #ifdef __cplusplus
| extern "C"
| #endif
| char canonicalize_file_name (void);
| /* The GNU C library defines this for functions which it implements
|     to always fail with ENOSYS.  Some functions are actually named
|     something starting with __ and the normal name is an alias.  */
| #if defined __stub_canonicalize_file_name || defined __stub___canonicalize_file_name
| choke me
| #endif
| 
| int
| main (void)
| {
| return canonicalize_file_name ();
|   ;
|   return 0;
| }
configure:21714: result: no
configure:21714: checking for getcwd
configure:21714: gcc -o conftest -g -O2   conftest.c  >&5
configure:21714: $? = 0
configure:21714: result: yes
configure:21714: checking for readlink
configure:21714: gcc -o conftest -g -O2   conftest.c  >&5
configure:21714: $? = 0
configure:21714: result: yes
configure:21714: checking for realpath
configure:21714: gcc -o conftest -g -O2   conftest.c  >&5
configure:21714: $? = 0
configure:21714: result: yes
configure:21714: checking for readlinkat
configure:21714: gcc -o conftest -g -O2   conftest.c  >&5
configure:21714: $? = 0
configure:21714: result: yes
configure:21714: checking for lstat
configure:21714: gcc -o conftest -g -O2   conftest.c  >&5
configure:21714: $? = 0
configure:21714: result: yes
configure:21714: checking for _set_invalid_parameter_handler
configure:21714: gcc -o conftest -g -O2   conftest.c  >&5
Undefined symbols for architecture arm64:
  "__set_invalid_parameter_handler", referenced from:
      _main in conftest-04f544.o
ld: symbol(s) not found for architecture arm64
clang: error: linker command failed with exit code 1 (use -v to see invocation)
configure:21714: $? = 1
configure: failed program was:
| /* confdefs.h */
| #define PACKAGE_NAME "latte-int"
| #define PACKAGE_TARNAME "latte-int"
| #define PACKAGE_VERSION "1.7.6"
| #define PACKAGE_STRING "latte-int 1.7.6"
| #define PACKAGE_BUGREPORT ""
| #define PACKAGE_URL ""
| #define PACKAGE "latte-int"
| #define VERSION "1.7.6"
| #define HAVE_STDIO_H 1
| #define HAVE_STDLIB_H 1
| #define HAVE_STRING_H 1
| #define HAVE_INTTYPES_H 1
| #define HAVE_STDINT_H 1
| #define HAVE_STRINGS_H 1
| #define HAVE_SYS_STAT_H 1
| #define HAVE_SYS_TYPES_H 1
| #define HAVE_UNISTD_H 1
| #define STDC_HEADERS 1
| #define __EXTENSIONS__ 1
| #define _ALL_SOURCE 1
| #define _DARWIN_C_SOURCE 1
| #define _GNU_SOURCE 1
| #define _POSIX_PTHREAD_SEMANTICS 1
| #define _TANDEM_SOURCE 1
| #define HAVE_DLFCN_H 1
| #define LT_OBJDIR ".libs/"
| #define HAVE_ALLOCA_H 1
| #define HAVE_ALLOCA 1
| #define HAVE_GETCWD 1
| #define HAVE_READLINK 1
| #define HAVE_REALPATH 1
| #define HAVE_READLINKAT 1
| #define HAVE_LSTAT 1
| /* end confdefs.h.  */
| /* Define _set_invalid_parameter_handler to an innocuous variant, in case <limits.h> declares _set_invalid_parameter_handler.
|    For example, HP-UX 11i <limits.h> declares gettimeofday.  */
| #define _set_invalid_parameter_handler innocuous__set_invalid_parameter_handler
| 
| /* System header to define __stub macros and hopefully few prototypes,
|    which can conflict with char _set_invalid_parameter_handler (void); below.  */
| 
| #include <limits.h>
| #undef _set_invalid_parameter_handler
| 
| /* Override any GCC internal prototype to avoid an error.
|    Use char because int might match the return type of a GCC
|    builtin and then its argument prototype would still apply.  */
| #ifdef __cplusplus
| extern "C"
| #endif
| char _set_invalid_parameter_handler (void);
| /* The GNU C library defines this for functions which it implements
|     to always fail with ENOSYS.  Some functions are actually named
|     something starting with __ and the normal name is an alias.  */
| #if defined __stub__set_invalid_parameter_handler || defined __stub____set_invalid_parameter_handler
| choke me
| #endif
| 
| int
| main (void)
| {
| return _set_invalid_parameter_handler ();
|   ;
|   return 0;
| }
configure:21714: result: no
configure:21714: checking for setenv
configure:21714: gcc -o conftest -g -O2   conftest.c  >&5
configure:21714: $? = 0
configure:21714: result: yes
configure:21740: checking whether // is distinct from /
configure:21771: result: no
configure:21792: checking whether realpath works
configure:21964: gcc -o conftest -g -O2   conftest.c  >&5
configure:21964: $? = 0
configure:21964: ./conftest
configure:21964: $? = 4
configure: program exited with status 4
configure: failed program was:
| /* confdefs.h */
| #define PACKAGE_NAME "latte-int"
| #define PACKAGE_TARNAME "latte-int"
| #define PACKAGE_VERSION "1.7.6"
| #define PACKAGE_STRING "latte-int 1.7.6"
| #define PACKAGE_BUGREPORT ""
| #define PACKAGE_URL ""
| #define PACKAGE "latte-int"
| #define VERSION "1.7.6"
| #define HAVE_STDIO_H 1
| #define HAVE_STDLIB_H 1
| #define HAVE_STRING_H 1
| #define HAVE_INTTYPES_H 1
| #define HAVE_STDINT_H 1
| #define HAVE_STRINGS_H 1
| #define HAVE_SYS_STAT_H 1
| #define HAVE_SYS_TYPES_H 1
| #define HAVE_UNISTD_H 1
| #define STDC_HEADERS 1
| #define __EXTENSIONS__ 1
| #define _ALL_SOURCE 1
| #define _DARWIN_C_SOURCE 1
| #define _GNU_SOURCE 1
| #define _POSIX_PTHREAD_SEMANTICS 1
| #define _TANDEM_SOURCE 1
| #define HAVE_DLFCN_H 1
| #define LT_OBJDIR ".libs/"
| #define HAVE_ALLOCA_H 1
| #define HAVE_ALLOCA 1
| #define HAVE_GETCWD 1
| #define HAVE_READLINK 1
| #define HAVE_REALPATH 1
| #define HAVE_READLINKAT 1
| #define HAVE_LSTAT 1
| #define HAVE_SETENV 1
| /* end confdefs.h.  */
| 
| 
| 
| #include <stdlib.h>
| #if defined __MACH__ && defined __APPLE__
| /* Avoid a crash on Mac OS X.  */
| #include <mach/mach.h>
| #include <mach/mach_error.h>
| #include <mach/thread_status.h>
| #include <mach/exception.h>
| #include <mach/task.h>
| #include <pthread.h>
| /* The exception port on which our thread listens.  */
| static mach_port_t our_exception_port;
| /* The main function of the thread listening for exceptions of type
|    EXC_BAD_ACCESS.  */
| static void *
| mach_exception_thread (void *arg)
| {
|   /* Buffer for a message to be received.  */
|   struct {
|     mach_msg_header_t head;
|     mach_msg_body_t msgh_body;
|     char data[1024];
|   } msg;
|   mach_msg_return_t retval;
|   /* Wait for a message on the exception port.  */
|   retval = mach_msg (&msg.head, MACH_RCV_MSG | MACH_RCV_LARGE, 0, sizeof (msg),
|                      our_exception_port, MACH_MSG_TIMEOUT_NONE, MACH_PORT_NULL);
|   if (retval != MACH_MSG_SUCCESS)
|     abort ();
|   exit (1);
| }
| static void
| nocrash_init (void)
| {
|   mach_port_t self = mach_task_self ();
|   /* Allocate a port on which the thread shall listen for exceptions.  */
|   if (mach_port_allocate (self, MACH_PORT_RIGHT_RECEIVE, &our_exception_port)
|       == KERN_SUCCESS) {
|     /* See http://web.mit.edu/darwin/src/modules/xnu/osfmk/man/mach_port_insert_right.html.  */
|     if (mach_port_insert_right (self, our_exception_port, our_exception_port,
|                                 MACH_MSG_TYPE_MAKE_SEND)
|         == KERN_SUCCESS) {
|       /* The exceptions we want to catch.  Only EXC_BAD_ACCESS is interesting
|          for us.  */
|       exception_mask_t mask = EXC_MASK_BAD_ACCESS;
|       /* Create the thread listening on the exception port.  */
|       pthread_attr_t attr;
|       pthread_t thread;
|       if (pthread_attr_init (&attr) == 0
|           && pthread_attr_setdetachstate (&attr, PTHREAD_CREATE_DETACHED) == 0
|           && pthread_create (&thread, &attr, mach_exception_thread, NULL) == 0) {
|         pthread_attr_destroy (&attr);
|         /* Replace the exception port info for these exceptions with our own.
|            Note that we replace the exception port for the entire task, not only
|            for a particular thread.  This has the effect that when our exception
|            port gets the message, the thread specific exception port has already
|            been asked, and we don't need to bother about it.
|            See http://web.mit.edu/darwin/src/modules/xnu/osfmk/man/task_set_exception_ports.html.  */
|         task_set_exception_ports (self, mask, our_exception_port,
|                                   EXCEPTION_DEFAULT, MACHINE_THREAD_STATE);
|       }
|     }
|   }
| }
| #elif (defined _WIN32 || defined __WIN32__) && ! defined __CYGWIN__
| /* Avoid a crash on native Windows.  */
| #define WIN32_LEAN_AND_MEAN
| #include <windows.h>
| #include <winerror.h>
| static LONG WINAPI
| exception_filter (EXCEPTION_POINTERS *ExceptionInfo)
| {
|   switch (ExceptionInfo->ExceptionRecord->ExceptionCode)
|     {
|     case EXCEPTION_ACCESS_VIOLATION:
|     case EXCEPTION_IN_PAGE_ERROR:
|     case EXCEPTION_STACK_OVERFLOW:
|     case EXCEPTION_GUARD_PAGE:
|     case EXCEPTION_PRIV_INSTRUCTION:
|     case EXCEPTION_ILLEGAL_INSTRUCTION:
|     case EXCEPTION_DATATYPE_MISALIGNMENT:
|     case EXCEPTION_ARRAY_BOUNDS_EXCEEDED:
|     case EXCEPTION_NONCONTINUABLE_EXCEPTION:
|       exit (1);
|     }
|   return EXCEPTION_CONTINUE_SEARCH;
| }
| static void
| nocrash_init (void)
| {
|   SetUnhandledExceptionFilter ((LPTOP_LEVEL_EXCEPTION_FILTER) exception_filter);
| }
| #else
| /* Avoid a crash on POSIX systems.  */
| #include <signal.h>
| /* A POSIX signal handler.  */
| static void
| exception_handler (int sig)
| {
|   exit (1);
| }
| static void
| nocrash_init (void)
| {
| #ifdef SIGSEGV
|   signal (SIGSEGV, exception_handler);
| #endif
| #ifdef SIGBUS
|   signal (SIGBUS, exception_handler);
| #endif
| }
| #endif
| 
|         #include <stdlib.h>
|         #include <string.h>
| 
| int
| main (void)
| {
| 
|         int result = 0;
|         {
|           char *name = realpath ("conftest.a", NULL);
|           if (!(name && *name == '/'))
|             result |= 1;
|         }
|         {
|           char *name = realpath ("conftest.b/../conftest.a", NULL);
|           if (name != NULL)
|             result |= 2;
|         }
|         {
|           char *name = realpath ("conftest.a/", NULL);
|           if (name != NULL)
|             result |= 4;
|         }
|         {
|           char *name1 = realpath (".", NULL);
|           char *name2 = realpath ("conftest.d//./..", NULL);
|           if (strcmp (name1, name2) != 0)
|             result |= 8;
|         }
|         return result;
| 
|   ;
|   return 0;
| }
| 
configure:21980: result: no
configure:21997: checking for sys/param.h
configure:21997: gcc -c -g -O2  conftest.c >&5
configure:21997: $? = 0
configure:21997: result: yes
configure:21997: checking for unistd.h
configure:21997: result: yes
configure:21997: checking for wchar.h
configure:21997: gcc -c -g -O2  conftest.c >&5
configure:21997: $? = 0
configure:21997: result: yes
configure:21997: checking for stdint.h
configure:21997: result: yes
configure:21997: checking for sys/socket.h
configure:21997: gcc -c -g -O2  conftest.c >&5
configure:21997: $? = 0
configure:21997: result: yes
configure:21997: checking for sys/stat.h
configure:21997: result: yes
configure:21997: checking for sys/time.h
configure:21997: gcc -c -g -O2  conftest.c >&5
configure:21997: $? = 0
configure:21997: result: yes
configure:22182: checking if environ is properly declared
configure:22206: gcc -c -g -O2  conftest.c >&5
configure:22206: $? = 0
configure:22217: result: no
configure:22232: checking whether the preprocessor supports include_next
configure:22271: gcc -c -g -O2  -Iconftestd1b -Iconftestd2 conftest.c >&5
configure:22271: $? = 0
configure:22297: result: yes
configure:22318: checking whether system header files limit the line length
configure:22345: result: no
configure:22356: checking for complete errno.h
configure:22433: result: yes
configure:22750: checking for gcc options needed to detect all undeclared functions
configure:22772: gcc -c -g -O2   conftest.c >&5
conftest.c:48:8: error: call to undeclared library function 'strchr' with type 'char *(const char *, int)'; ISO C99 and later do not support implicit function declarations [-Wimplicit-function-declaration]
(void) strchr;
       ^
conftest.c:48:8: note: include the header <string.h> or explicitly provide a declaration for 'strchr'
1 error generated.
configure:22772: $? = 1
configure: failed program was:
| /* confdefs.h */
| #define PACKAGE_NAME "latte-int"
| #define PACKAGE_TARNAME "latte-int"
| #define PACKAGE_VERSION "1.7.6"
| #define PACKAGE_STRING "latte-int 1.7.6"
| #define PACKAGE_BUGREPORT ""
| #define PACKAGE_URL ""
| #define PACKAGE "latte-int"
| #define VERSION "1.7.6"
| #define HAVE_STDIO_H 1
| #define HAVE_STDLIB_H 1
| #define HAVE_STRING_H 1
| #define HAVE_INTTYPES_H 1
| #define HAVE_STDINT_H 1
| #define HAVE_STRINGS_H 1
| #define HAVE_SYS_STAT_H 1
| #define HAVE_SYS_TYPES_H 1
| #define HAVE_UNISTD_H 1
| #define STDC_HEADERS 1
| #define __EXTENSIONS__ 1
| #define _ALL_SOURCE 1
| #define _DARWIN_C_SOURCE 1
| #define _GNU_SOURCE 1
| #define _POSIX_PTHREAD_SEMANTICS 1
| #define _TANDEM_SOURCE 1
| #define HAVE_DLFCN_H 1
| #define LT_OBJDIR ".libs/"
| #define HAVE_ALLOCA_H 1
| #define HAVE_ALLOCA 1
| #define HAVE_GETCWD 1
| #define HAVE_READLINK 1
| #define HAVE_REALPATH 1
| #define HAVE_READLINKAT 1
| #define HAVE_LSTAT 1
| #define HAVE_SETENV 1
| #define HAVE_SYS_PARAM_H 1
| #define HAVE_UNISTD_H 1
| #define HAVE_WCHAR_H 1
| #define HAVE_STDINT_H 1
| #define HAVE_SYS_SOCKET_H 1
| #define HAVE_SYS_STAT_H 1
| #define HAVE_SYS_TIME_H 1
| /* end confdefs.h.  */
| 
| int
| main (void)
| {
| (void) strchr;
|   ;
|   return 0;
| }
configure:22799: gcc -c -g -O2   conftest.c >&5
configure:22799: $? = 0
configure:22819: result: none needed
configure:22834: checking whether strerror_r is declared
configure:22834: gcc -c -g -O2   conftest.c >&5
configure:22834: $? = 0
configure:22834: result: yes
configure:22861: checking whether strerror_r returns char *
configure:22886: gcc -c -g -O2  conftest.c >&5
conftest.c:52:13: error: indirection requires pointer operand ('int' invalid)
          char x = *strerror_r (0, buf, sizeof buf);
                   ^~~~~~~~~~~~~~~~~~~~~~~~~~~~~~~~
conftest.c:53:10: error: incompatible integer to pointer conversion initializing 'char *' with an expression of type 'int' [-Wint-conversion]
          char *p = strerror_r (0, buf, sizeof buf);
                ^   ~~~~~~~~~~~~~~~~~~~~~~~~~~~~~~~
2 errors generated.
configure:22886: $? = 1
configure: failed program was:
| /* confdefs.h */
| #define PACKAGE_NAME "latte-int"
| #define PACKAGE_TARNAME "latte-int"
| #define PACKAGE_VERSION "1.7.6"
| #define PACKAGE_STRING "latte-int 1.7.6"
| #define PACKAGE_BUGREPORT ""
| #define PACKAGE_URL ""
| #define PACKAGE "latte-int"
| #define VERSION "1.7.6"
| #define HAVE_STDIO_H 1
| #define HAVE_STDLIB_H 1
| #define HAVE_STRING_H 1
| #define HAVE_INTTYPES_H 1
| #define HAVE_STDINT_H 1
| #define HAVE_STRINGS_H 1
| #define HAVE_SYS_STAT_H 1
| #define HAVE_SYS_TYPES_H 1
| #define HAVE_UNISTD_H 1
| #define STDC_HEADERS 1
| #define __EXTENSIONS__ 1
| #define _ALL_SOURCE 1
| #define _DARWIN_C_SOURCE 1
| #define _GNU_SOURCE 1
| #define _POSIX_PTHREAD_SEMANTICS 1
| #define _TANDEM_SOURCE 1
| #define HAVE_DLFCN_H 1
| #define LT_OBJDIR ".libs/"
| #define HAVE_ALLOCA_H 1
| #define HAVE_ALLOCA 1
| #define HAVE_GETCWD 1
| #define HAVE_READLINK 1
| #define HAVE_REALPATH 1
| #define HAVE_READLINKAT 1
| #define HAVE_LSTAT 1
| #define HAVE_SETENV 1
| #define HAVE_SYS_PARAM_H 1
| #define HAVE_UNISTD_H 1
| #define HAVE_WCHAR_H 1
| #define HAVE_STDINT_H 1
| #define HAVE_SYS_SOCKET_H 1
| #define HAVE_SYS_STAT_H 1
| #define HAVE_SYS_TIME_H 1
| #define HAVE_DECL_STRERROR_R 1
| #define HAVE_STRERROR_R 1
| /* end confdefs.h.  */
| #include <string.h>
| int
| main (void)
| {
| 
| 	  char buf[100];
| 	  char x = *strerror_r (0, buf, sizeof buf);
| 	  char *p = strerror_r (0, buf, sizeof buf);
| 	  return !p || x;
| 
|   ;
|   return 0;
| }
configure:22896: result: no
configure:22997: checking whether lstat correctly handles trailing slash
configure:23032: gcc -o conftest -g -O2   conftest.c  >&5
configure:23032: $? = 0
configure:23032: ./conftest
configure:23032: $? = 1
configure: program exited with status 1
configure: failed program was:
| /* confdefs.h */
| #define PACKAGE_NAME "latte-int"
| #define PACKAGE_TARNAME "latte-int"
| #define PACKAGE_VERSION "1.7.6"
| #define PACKAGE_STRING "latte-int 1.7.6"
| #define PACKAGE_BUGREPORT ""
| #define PACKAGE_URL ""
| #define PACKAGE "latte-int"
| #define VERSION "1.7.6"
| #define HAVE_STDIO_H 1
| #define HAVE_STDLIB_H 1
| #define HAVE_STRING_H 1
| #define HAVE_INTTYPES_H 1
| #define HAVE_STDINT_H 1
| #define HAVE_STRINGS_H 1
| #define HAVE_SYS_STAT_H 1
| #define HAVE_SYS_TYPES_H 1
| #define HAVE_UNISTD_H 1
| #define STDC_HEADERS 1
| #define __EXTENSIONS__ 1
| #define _ALL_SOURCE 1
| #define _DARWIN_C_SOURCE 1
| #define _GNU_SOURCE 1
| #define _POSIX_PTHREAD_SEMANTICS 1
| #define _TANDEM_SOURCE 1
| #define HAVE_DLFCN_H 1
| #define LT_OBJDIR ".libs/"
| #define HAVE_ALLOCA_H 1
| #define HAVE_ALLOCA 1
| #define HAVE_GETCWD 1
| #define HAVE_READLINK 1
| #define HAVE_REALPATH 1
| #define HAVE_READLINKAT 1
| #define HAVE_LSTAT 1
| #define HAVE_SETENV 1
| #define HAVE_SYS_PARAM_H 1
| #define HAVE_UNISTD_H 1
| #define HAVE_WCHAR_H 1
| #define HAVE_STDINT_H 1
| #define HAVE_SYS_SOCKET_H 1
| #define HAVE_SYS_STAT_H 1
| #define HAVE_SYS_TIME_H 1
| #define HAVE_DECL_STRERROR_R 1
| #define HAVE_STRERROR_R 1
| /* end confdefs.h.  */
| #include <stddef.h>
| #ifdef HAVE_STDIO_H
| # include <stdio.h>
| #endif
| #ifdef HAVE_STDLIB_H
| # include <stdlib.h>
| #endif
| #ifdef HAVE_STRING_H
| # include <string.h>
| #endif
| #ifdef HAVE_INTTYPES_H
| # include <inttypes.h>
| #endif
| #ifdef HAVE_STDINT_H
| # include <stdint.h>
| #endif
| #ifdef HAVE_STRINGS_H
| # include <strings.h>
| #endif
| #ifdef HAVE_SYS_TYPES_H
| # include <sys/types.h>
| #endif
| #ifdef HAVE_SYS_STAT_H
| # include <sys/stat.h>
| #endif
| #ifdef HAVE_UNISTD_H
| # include <unistd.h>
| #endif
| int
| main (void)
| {
| struct stat sbuf;
|               /* Linux will dereference the symlink and fail, as required by
|                  POSIX.  That is better in the sense that it means we will not
|                  have to compile and use the lstat wrapper.  */
|               return lstat ("conftest.sym/", &sbuf) == 0;
| 
|   ;
|   return 0;
| }
configure:23053: result: no
configure:23064: checking for GNU libc compatible malloc
configure:23096: gcc -o conftest -g -O2   conftest.c  >&5
configure:23096: $? = 0
configure:23096: ./conftest
configure:23096: $? = 0
configure:23110: result: yes
configure:23125: checking for unsigned long long int
configure:23165: gcc -o conftest -g -O2   conftest.c  >&5
configure:23165: $? = 0
configure:23177: result: yes
configure:23187: checking for long long int
configure:23227: gcc -o conftest -g -O2   conftest.c  >&5
configure:23227: $? = 0
configure:23227: ./conftest
configure:23227: $? = 0
configure:23243: result: yes
configure:23266: gcc -c -g -O2  conftest.c >&5
configure:23266: $? = 0
configure:23326: checking for ld used by gcc
configure:23395: result: /Library/Developer/CommandLineTools/usr/bin/ld
configure:23402: checking if the linker (/Library/Developer/CommandLineTools/usr/bin/ld) is GNU ld
configure:23419: result: no
configure:23425: checking for shared library path variable
configure:23440: result: DYLD_LIBRARY_PATH
configure:23445: checking whether to activate relocatable installation
configure:23462: result: no
configure:23559: checking whether setenv is declared
configure:23559: gcc -c -g -O2   conftest.c >&5
configure:23559: $? = 0
configure:23559: result: yes
configure:23575: checking for stdbool.h that conforms to C99
configure:23643: gcc -c -g -O2  conftest.c >&5
conftest.c:100:24: warning: address of 's' will always evaluate to 'true' [-Wpointer-bool-conversion]
             bool e = &s;
                  ~    ^
conftest.c:105:40: warning: address of array 'p' will always evaluate to 'true' [-Wpointer-bool-conversion]
                                      ~^
conftest.c:105:35: warning: address of array 'o' will always evaluate to 'true' [-Wpointer-bool-conversion]
                                 ~^
conftest.c:105:30: warning: address of array 'n' will always evaluate to 'true' [-Wpointer-bool-conversion]
                            ~^
conftest.c:104:63: warning: address of array 'i' will always evaluate to 'true' [-Wpointer-bool-conversion]
             return (!a + !b + !c + !d + !e + !f + !g + !h + !i + !!j + !k + !!l
                                                             ~^
conftest.c:104:58: warning: address of array 'h' will always evaluate to 'true' [-Wpointer-bool-conversion]
             return (!a + !b + !c + !d + !e + !f + !g + !h + !i + !!j + !k + !!l
                                                        ~^
conftest.c:104:53: warning: address of array 'g' will always evaluate to 'true' [-Wpointer-bool-conversion]
             return (!a + !b + !c + !d + !e + !f + !g + !h + !i + !!j + !k + !!l
                                                   ~^
conftest.c:104:48: warning: address of array 'f' will always evaluate to 'true' [-Wpointer-bool-conversion]
             return (!a + !b + !c + !d + !e + !f + !g + !h + !i + !!j + !k + !!l
                                              ~^
conftest.c:104:38: warning: address of array 'd' will always evaluate to 'true' [-Wpointer-bool-conversion]
             return (!a + !b + !c + !d + !e + !f + !g + !h + !i + !!j + !k + !!l
                                    ~^
conftest.c:104:33: warning: address of array 'c' will always evaluate to 'true' [-Wpointer-bool-conversion]
             return (!a + !b + !c + !d + !e + !f + !g + !h + !i + !!j + !k + !!l
                               ~^
conftest.c:104:28: warning: address of array 'b' will always evaluate to 'true' [-Wpointer-bool-conversion]
             return (!a + !b + !c + !d + !e + !f + !g + !h + !i + !!j + !k + !!l
                          ~^
conftest.c:104:23: warning: address of array 'a' will always evaluate to 'true' [-Wpointer-bool-conversion]
             return (!a + !b + !c + !d + !e + !f + !g + !h + !i + !!j + !k + !!l
                     ~^
12 warnings generated.
configure:23643: $? = 0
configure:23653: result: yes
configure:23655: checking for _Bool
configure:23655: gcc -c -g -O2  conftest.c >&5
configure:23655: $? = 0
configure:23655: gcc -c -g -O2  conftest.c >&5
conftest.c:82:20: error: expected expression
if (sizeof ((_Bool)))
                   ^
1 error generated.
configure:23655: $? = 1
configure: failed program was:
| /* confdefs.h */
| #define PACKAGE_NAME "latte-int"
| #define PACKAGE_TARNAME "latte-int"
| #define PACKAGE_VERSION "1.7.6"
| #define PACKAGE_STRING "latte-int 1.7.6"
| #define PACKAGE_BUGREPORT ""
| #define PACKAGE_URL ""
| #define PACKAGE "latte-int"
| #define VERSION "1.7.6"
| #define HAVE_STDIO_H 1
| #define HAVE_STDLIB_H 1
| #define HAVE_STRING_H 1
| #define HAVE_INTTYPES_H 1
| #define HAVE_STDINT_H 1
| #define HAVE_STRINGS_H 1
| #define HAVE_SYS_STAT_H 1
| #define HAVE_SYS_TYPES_H 1
| #define HAVE_UNISTD_H 1
| #define STDC_HEADERS 1
| #define __EXTENSIONS__ 1
| #define _ALL_SOURCE 1
| #define _DARWIN_C_SOURCE 1
| #define _GNU_SOURCE 1
| #define _POSIX_PTHREAD_SEMANTICS 1
| #define _TANDEM_SOURCE 1
| #define HAVE_DLFCN_H 1
| #define LT_OBJDIR ".libs/"
| #define HAVE_ALLOCA_H 1
| #define HAVE_ALLOCA 1
| #define HAVE_GETCWD 1
| #define HAVE_READLINK 1
| #define HAVE_REALPATH 1
| #define HAVE_READLINKAT 1
| #define HAVE_LSTAT 1
| #define HAVE_SETENV 1
| #define HAVE_SYS_PARAM_H 1
| #define HAVE_UNISTD_H 1
| #define HAVE_WCHAR_H 1
| #define HAVE_STDINT_H 1
| #define HAVE_SYS_SOCKET_H 1
| #define HAVE_SYS_STAT_H 1
| #define HAVE_SYS_TIME_H 1
| #define HAVE_DECL_STRERROR_R 1
| #define HAVE_STRERROR_R 1
| #define MALLOC_0_IS_NONNULL 1
| #define HAVE_UNSIGNED_LONG_LONG_INT 1
| #define HAVE_LONG_LONG_INT 1
| #define INSTALLPREFIX "/Users/vaw1/latte"
| #define HAVE_DECL_SETENV 1
| /* end confdefs.h.  */
| #include <stddef.h>
| #ifdef HAVE_STDIO_H
| # include <stdio.h>
| #endif
| #ifdef HAVE_STDLIB_H
| # include <stdlib.h>
| #endif
| #ifdef HAVE_STRING_H
| # include <string.h>
| #endif
| #ifdef HAVE_INTTYPES_H
| # include <inttypes.h>
| #endif
| #ifdef HAVE_STDINT_H
| # include <stdint.h>
| #endif
| #ifdef HAVE_STRINGS_H
| # include <strings.h>
| #endif
| #ifdef HAVE_SYS_TYPES_H
| # include <sys/types.h>
| #endif
| #ifdef HAVE_SYS_STAT_H
| # include <sys/stat.h>
| #endif
| #ifdef HAVE_UNISTD_H
| # include <unistd.h>
| #endif
| int
| main (void)
| {
| if (sizeof ((_Bool)))
| 	    return 0;
|   ;
|   return 0;
| }
configure:23655: result: yes
configure:23670: checking for wchar_t
configure:23688: gcc -c -g -O2  conftest.c >&5
configure:23688: $? = 0
configure:23698: result: yes
configure:23851: checking whether stdint.h conforms to C99
configure:24021: gcc -c -g -O2  conftest.c >&5
configure:24021: $? = 0
configure:24103: gcc -o conftest -g -O2   conftest.c  >&5
configure:24103: $? = 0
configure:24103: ./conftest
configure:24103: $? = 0
configure:24118: result: yes
configure:24546: checking whether strerror(0) succeeds
configure:24583: gcc -o conftest -g -O2   conftest.c  >&5
configure:24583: $? = 0
configure:24583: ./conftest
configure:24583: $? = 4
configure: program exited with status 4
configure: failed program was:
| /* confdefs.h */
| #define PACKAGE_NAME "latte-int"
| #define PACKAGE_TARNAME "latte-int"
| #define PACKAGE_VERSION "1.7.6"
| #define PACKAGE_STRING "latte-int 1.7.6"
| #define PACKAGE_BUGREPORT ""
| #define PACKAGE_URL ""
| #define PACKAGE "latte-int"
| #define VERSION "1.7.6"
| #define HAVE_STDIO_H 1
| #define HAVE_STDLIB_H 1
| #define HAVE_STRING_H 1
| #define HAVE_INTTYPES_H 1
| #define HAVE_STDINT_H 1
| #define HAVE_STRINGS_H 1
| #define HAVE_SYS_STAT_H 1
| #define HAVE_SYS_TYPES_H 1
| #define HAVE_UNISTD_H 1
| #define STDC_HEADERS 1
| #define __EXTENSIONS__ 1
| #define _ALL_SOURCE 1
| #define _DARWIN_C_SOURCE 1
| #define _GNU_SOURCE 1
| #define _POSIX_PTHREAD_SEMANTICS 1
| #define _TANDEM_SOURCE 1
| #define HAVE_DLFCN_H 1
| #define LT_OBJDIR ".libs/"
| #define HAVE_ALLOCA_H 1
| #define HAVE_ALLOCA 1
| #define HAVE_GETCWD 1
| #define HAVE_READLINK 1
| #define HAVE_REALPATH 1
| #define HAVE_READLINKAT 1
| #define HAVE_LSTAT 1
| #define HAVE_SETENV 1
| #define HAVE_SYS_PARAM_H 1
| #define HAVE_UNISTD_H 1
| #define HAVE_WCHAR_H 1
| #define HAVE_STDINT_H 1
| #define HAVE_SYS_SOCKET_H 1
| #define HAVE_SYS_STAT_H 1
| #define HAVE_SYS_TIME_H 1
| #define HAVE_DECL_STRERROR_R 1
| #define HAVE_STRERROR_R 1
| #define MALLOC_0_IS_NONNULL 1
| #define HAVE_UNSIGNED_LONG_LONG_INT 1
| #define HAVE_LONG_LONG_INT 1
| #define INSTALLPREFIX "/Users/vaw1/latte"
| #define HAVE_DECL_SETENV 1
| #define HAVE__BOOL 1
| #define HAVE_WCHAR_T 1
| /* end confdefs.h.  */
| #include <string.h>
|            #include <errno.h>
| 
| int
| main (void)
| {
| int result = 0;
|            char *str;
|            errno = 0;
|            str = strerror (0);
|            if (!*str) result |= 1;
|            if (errno) result |= 2;
|            if (strstr (str, "nknown") || strstr (str, "ndefined"))
|              result |= 4;
|            return result;
|   ;
|   return 0;
| }
configure:24598: result: no
configure:24615: checking for C/C++ restrict keyword
configure:24645: gcc -c -g -O2  conftest.c >&5
configure:24645: $? = 0
configure:24655: result: __restrict__
configure:24742: checking whether ffsl is declared without a macro
configure:24761: gcc -c -g -O2  conftest.c >&5
configure:24761: $? = 0
configure:24772: result: yes
configure:24742: checking whether ffsll is declared without a macro
configure:24761: gcc -c -g -O2  conftest.c >&5
configure:24761: $? = 0
configure:24772: result: yes
configure:24742: checking whether memmem is declared without a macro
configure:24761: gcc -c -g -O2  conftest.c >&5
configure:24761: $? = 0
configure:24772: result: yes
configure:24742: checking whether mempcpy is declared without a macro
configure:24761: gcc -c -g -O2  conftest.c >&5
conftest.c:64:10: error: call to undeclared library function 'mempcpy' with type 'void *(void *, const void *, unsigned long)'; ISO C99 and later do not support implicit function declarations [-Wimplicit-function-declaration]
  (void) mempcpy;
         ^
conftest.c:64:10: note: include the header <string.h> or explicitly provide a declaration for 'mempcpy'
1 error generated.
configure:24761: $? = 1
configure: failed program was:
| /* confdefs.h */
| #define PACKAGE_NAME "latte-int"
| #define PACKAGE_TARNAME "latte-int"
| #define PACKAGE_VERSION "1.7.6"
| #define PACKAGE_STRING "latte-int 1.7.6"
| #define PACKAGE_BUGREPORT ""
| #define PACKAGE_URL ""
| #define PACKAGE "latte-int"
| #define VERSION "1.7.6"
| #define HAVE_STDIO_H 1
| #define HAVE_STDLIB_H 1
| #define HAVE_STRING_H 1
| #define HAVE_INTTYPES_H 1
| #define HAVE_STDINT_H 1
| #define HAVE_STRINGS_H 1
| #define HAVE_SYS_STAT_H 1
| #define HAVE_SYS_TYPES_H 1
| #define HAVE_UNISTD_H 1
| #define STDC_HEADERS 1
| #define __EXTENSIONS__ 1
| #define _ALL_SOURCE 1
| #define _DARWIN_C_SOURCE 1
| #define _GNU_SOURCE 1
| #define _POSIX_PTHREAD_SEMANTICS 1
| #define _TANDEM_SOURCE 1
| #define HAVE_DLFCN_H 1
| #define LT_OBJDIR ".libs/"
| #define HAVE_ALLOCA_H 1
| #define HAVE_ALLOCA 1
| #define HAVE_GETCWD 1
| #define HAVE_READLINK 1
| #define HAVE_REALPATH 1
| #define HAVE_READLINKAT 1
| #define HAVE_LSTAT 1
| #define HAVE_SETENV 1
| #define HAVE_SYS_PARAM_H 1
| #define HAVE_UNISTD_H 1
| #define HAVE_WCHAR_H 1
| #define HAVE_STDINT_H 1
| #define HAVE_SYS_SOCKET_H 1
| #define HAVE_SYS_STAT_H 1
| #define HAVE_SYS_TIME_H 1
| #define HAVE_DECL_STRERROR_R 1
| #define HAVE_STRERROR_R 1
| #define MALLOC_0_IS_NONNULL 1
| #define HAVE_UNSIGNED_LONG_LONG_INT 1
| #define HAVE_LONG_LONG_INT 1
| #define INSTALLPREFIX "/Users/vaw1/latte"
| #define HAVE_DECL_SETENV 1
| #define HAVE__BOOL 1
| #define HAVE_WCHAR_T 1
| #define REPLACE_STRERROR_0 1
| #define restrict __restrict__
| #define HAVE_RAW_DECL_FFSL 1
| #define HAVE_RAW_DECL_FFSLL 1
| #define HAVE_RAW_DECL_MEMMEM 1
| /* end confdefs.h.  */
| #include <string.h>
| 
| int
| main (void)
| {
| #undef mempcpy
|   (void) mempcpy;
|   ;
|   return 0;
| }
configure:24772: result: no
configure:24742: checking whether memrchr is declared without a macro
configure:24761: gcc -c -g -O2  conftest.c >&5
conftest.c:64:10: error: use of undeclared identifier 'memrchr'
  (void) memrchr;
         ^
1 error generated.
configure:24761: $? = 1
configure: failed program was:
| /* confdefs.h */
| #define PACKAGE_NAME "latte-int"
| #define PACKAGE_TARNAME "latte-int"
| #define PACKAGE_VERSION "1.7.6"
| #define PACKAGE_STRING "latte-int 1.7.6"
| #define PACKAGE_BUGREPORT ""
| #define PACKAGE_URL ""
| #define PACKAGE "latte-int"
| #define VERSION "1.7.6"
| #define HAVE_STDIO_H 1
| #define HAVE_STDLIB_H 1
| #define HAVE_STRING_H 1
| #define HAVE_INTTYPES_H 1
| #define HAVE_STDINT_H 1
| #define HAVE_STRINGS_H 1
| #define HAVE_SYS_STAT_H 1
| #define HAVE_SYS_TYPES_H 1
| #define HAVE_UNISTD_H 1
| #define STDC_HEADERS 1
| #define __EXTENSIONS__ 1
| #define _ALL_SOURCE 1
| #define _DARWIN_C_SOURCE 1
| #define _GNU_SOURCE 1
| #define _POSIX_PTHREAD_SEMANTICS 1
| #define _TANDEM_SOURCE 1
| #define HAVE_DLFCN_H 1
| #define LT_OBJDIR ".libs/"
| #define HAVE_ALLOCA_H 1
| #define HAVE_ALLOCA 1
| #define HAVE_GETCWD 1
| #define HAVE_READLINK 1
| #define HAVE_REALPATH 1
| #define HAVE_READLINKAT 1
| #define HAVE_LSTAT 1
| #define HAVE_SETENV 1
| #define HAVE_SYS_PARAM_H 1
| #define HAVE_UNISTD_H 1
| #define HAVE_WCHAR_H 1
| #define HAVE_STDINT_H 1
| #define HAVE_SYS_SOCKET_H 1
| #define HAVE_SYS_STAT_H 1
| #define HAVE_SYS_TIME_H 1
| #define HAVE_DECL_STRERROR_R 1
| #define HAVE_STRERROR_R 1
| #define MALLOC_0_IS_NONNULL 1
| #define HAVE_UNSIGNED_LONG_LONG_INT 1
| #define HAVE_LONG_LONG_INT 1
| #define INSTALLPREFIX "/Users/vaw1/latte"
| #define HAVE_DECL_SETENV 1
| #define HAVE__BOOL 1
| #define HAVE_WCHAR_T 1
| #define REPLACE_STRERROR_0 1
| #define restrict __restrict__
| #define HAVE_RAW_DECL_FFSL 1
| #define HAVE_RAW_DECL_FFSLL 1
| #define HAVE_RAW_DECL_MEMMEM 1
| /* end confdefs.h.  */
| #include <string.h>
| 
| int
| main (void)
| {
| #undef memrchr
|   (void) memrchr;
|   ;
|   return 0;
| }
configure:24772: result: no
configure:24742: checking whether rawmemchr is declared without a macro
configure:24761: gcc -c -g -O2  conftest.c >&5
conftest.c:64:10: error: use of undeclared identifier 'rawmemchr'
  (void) rawmemchr;
         ^
1 error generated.
configure:24761: $? = 1
configure: failed program was:
| /* confdefs.h */
| #define PACKAGE_NAME "latte-int"
| #define PACKAGE_TARNAME "latte-int"
| #define PACKAGE_VERSION "1.7.6"
| #define PACKAGE_STRING "latte-int 1.7.6"
| #define PACKAGE_BUGREPORT ""
| #define PACKAGE_URL ""
| #define PACKAGE "latte-int"
| #define VERSION "1.7.6"
| #define HAVE_STDIO_H 1
| #define HAVE_STDLIB_H 1
| #define HAVE_STRING_H 1
| #define HAVE_INTTYPES_H 1
| #define HAVE_STDINT_H 1
| #define HAVE_STRINGS_H 1
| #define HAVE_SYS_STAT_H 1
| #define HAVE_SYS_TYPES_H 1
| #define HAVE_UNISTD_H 1
| #define STDC_HEADERS 1
| #define __EXTENSIONS__ 1
| #define _ALL_SOURCE 1
| #define _DARWIN_C_SOURCE 1
| #define _GNU_SOURCE 1
| #define _POSIX_PTHREAD_SEMANTICS 1
| #define _TANDEM_SOURCE 1
| #define HAVE_DLFCN_H 1
| #define LT_OBJDIR ".libs/"
| #define HAVE_ALLOCA_H 1
| #define HAVE_ALLOCA 1
| #define HAVE_GETCWD 1
| #define HAVE_READLINK 1
| #define HAVE_REALPATH 1
| #define HAVE_READLINKAT 1
| #define HAVE_LSTAT 1
| #define HAVE_SETENV 1
| #define HAVE_SYS_PARAM_H 1
| #define HAVE_UNISTD_H 1
| #define HAVE_WCHAR_H 1
| #define HAVE_STDINT_H 1
| #define HAVE_SYS_SOCKET_H 1
| #define HAVE_SYS_STAT_H 1
| #define HAVE_SYS_TIME_H 1
| #define HAVE_DECL_STRERROR_R 1
| #define HAVE_STRERROR_R 1
| #define MALLOC_0_IS_NONNULL 1
| #define HAVE_UNSIGNED_LONG_LONG_INT 1
| #define HAVE_LONG_LONG_INT 1
| #define INSTALLPREFIX "/Users/vaw1/latte"
| #define HAVE_DECL_SETENV 1
| #define HAVE__BOOL 1
| #define HAVE_WCHAR_T 1
| #define REPLACE_STRERROR_0 1
| #define restrict __restrict__
| #define HAVE_RAW_DECL_FFSL 1
| #define HAVE_RAW_DECL_FFSLL 1
| #define HAVE_RAW_DECL_MEMMEM 1
| /* end confdefs.h.  */
| #include <string.h>
| 
| int
| main (void)
| {
| #undef rawmemchr
|   (void) rawmemchr;
|   ;
|   return 0;
| }
configure:24772: result: no
configure:24742: checking whether stpcpy is declared without a macro
configure:24761: gcc -c -g -O2  conftest.c >&5
configure:24761: $? = 0
configure:24772: result: yes
configure:24742: checking whether stpncpy is declared without a macro
configure:24761: gcc -c -g -O2  conftest.c >&5
configure:24761: $? = 0
configure:24772: result: yes
configure:24742: checking whether strchrnul is declared without a macro
configure:24761: gcc -c -g -O2  conftest.c >&5
conftest.c:66:10: error: use of undeclared identifier 'strchrnul'
  (void) strchrnul;
         ^
1 error generated.
configure:24761: $? = 1
configure: failed program was:
| /* confdefs.h */
| #define PACKAGE_NAME "latte-int"
| #define PACKAGE_TARNAME "latte-int"
| #define PACKAGE_VERSION "1.7.6"
| #define PACKAGE_STRING "latte-int 1.7.6"
| #define PACKAGE_BUGREPORT ""
| #define PACKAGE_URL ""
| #define PACKAGE "latte-int"
| #define VERSION "1.7.6"
| #define HAVE_STDIO_H 1
| #define HAVE_STDLIB_H 1
| #define HAVE_STRING_H 1
| #define HAVE_INTTYPES_H 1
| #define HAVE_STDINT_H 1
| #define HAVE_STRINGS_H 1
| #define HAVE_SYS_STAT_H 1
| #define HAVE_SYS_TYPES_H 1
| #define HAVE_UNISTD_H 1
| #define STDC_HEADERS 1
| #define __EXTENSIONS__ 1
| #define _ALL_SOURCE 1
| #define _DARWIN_C_SOURCE 1
| #define _GNU_SOURCE 1
| #define _POSIX_PTHREAD_SEMANTICS 1
| #define _TANDEM_SOURCE 1
| #define HAVE_DLFCN_H 1
| #define LT_OBJDIR ".libs/"
| #define HAVE_ALLOCA_H 1
| #define HAVE_ALLOCA 1
| #define HAVE_GETCWD 1
| #define HAVE_READLINK 1
| #define HAVE_REALPATH 1
| #define HAVE_READLINKAT 1
| #define HAVE_LSTAT 1
| #define HAVE_SETENV 1
| #define HAVE_SYS_PARAM_H 1
| #define HAVE_UNISTD_H 1
| #define HAVE_WCHAR_H 1
| #define HAVE_STDINT_H 1
| #define HAVE_SYS_SOCKET_H 1
| #define HAVE_SYS_STAT_H 1
| #define HAVE_SYS_TIME_H 1
| #define HAVE_DECL_STRERROR_R 1
| #define HAVE_STRERROR_R 1
| #define MALLOC_0_IS_NONNULL 1
| #define HAVE_UNSIGNED_LONG_LONG_INT 1
| #define HAVE_LONG_LONG_INT 1
| #define INSTALLPREFIX "/Users/vaw1/latte"
| #define HAVE_DECL_SETENV 1
| #define HAVE__BOOL 1
| #define HAVE_WCHAR_T 1
| #define REPLACE_STRERROR_0 1
| #define restrict __restrict__
| #define HAVE_RAW_DECL_FFSL 1
| #define HAVE_RAW_DECL_FFSLL 1
| #define HAVE_RAW_DECL_MEMMEM 1
| #define HAVE_RAW_DECL_STPCPY 1
| #define HAVE_RAW_DECL_STPNCPY 1
| /* end confdefs.h.  */
| #include <string.h>
| 
| int
| main (void)
| {
| #undef strchrnul
|   (void) strchrnul;
|   ;
|   return 0;
| }
configure:24772: result: no
configure:24742: checking whether strdup is declared without a macro
configure:24761: gcc -c -g -O2  conftest.c >&5
configure:24761: $? = 0
configure:24772: result: yes
configure:24742: checking whether strncat is declared without a macro
configure:24761: gcc -c -g -O2  conftest.c >&5
configure:24761: $? = 0
configure:24772: result: yes
configure:24742: checking whether strndup is declared without a macro
configure:24761: gcc -c -g -O2  conftest.c >&5
configure:24761: $? = 0
configure:24772: result: yes
configure:24742: checking whether strnlen is declared without a macro
configure:24761: gcc -c -g -O2  conftest.c >&5
configure:24761: $? = 0
configure:24772: result: yes
configure:24742: checking whether strpbrk is declared without a macro
configure:24761: gcc -c -g -O2  conftest.c >&5
configure:24761: $? = 0
configure:24772: result: yes
configure:24742: checking whether strsep is declared without a macro
configure:24761: gcc -c -g -O2  conftest.c >&5
configure:24761: $? = 0
configure:24772: result: yes
configure:24742: checking whether strcasestr is declared without a macro
configure:24761: gcc -c -g -O2  conftest.c >&5
configure:24761: $? = 0
configure:24772: result: yes
configure:24742: checking whether strtok_r is declared without a macro
configure:24761: gcc -c -g -O2  conftest.c >&5
configure:24761: $? = 0
configure:24772: result: yes
configure:24742: checking whether strerror_r is declared without a macro
configure:24761: gcc -c -g -O2  conftest.c >&5
configure:24761: $? = 0
configure:24772: result: yes
configure:24742: checking whether strsignal is declared without a macro
configure:24761: gcc -c -g -O2  conftest.c >&5
configure:24761: $? = 0
configure:24772: result: yes
configure:24742: checking whether strverscmp is declared without a macro
configure:24761: gcc -c -g -O2  conftest.c >&5
conftest.c:76:10: error: use of undeclared identifier 'strverscmp'
  (void) strverscmp;
         ^
1 error generated.
configure:24761: $? = 1
configure: failed program was:
| /* confdefs.h */
| #define PACKAGE_NAME "latte-int"
| #define PACKAGE_TARNAME "latte-int"
| #define PACKAGE_VERSION "1.7.6"
| #define PACKAGE_STRING "latte-int 1.7.6"
| #define PACKAGE_BUGREPORT ""
| #define PACKAGE_URL ""
| #define PACKAGE "latte-int"
| #define VERSION "1.7.6"
| #define HAVE_STDIO_H 1
| #define HAVE_STDLIB_H 1
| #define HAVE_STRING_H 1
| #define HAVE_INTTYPES_H 1
| #define HAVE_STDINT_H 1
| #define HAVE_STRINGS_H 1
| #define HAVE_SYS_STAT_H 1
| #define HAVE_SYS_TYPES_H 1
| #define HAVE_UNISTD_H 1
| #define STDC_HEADERS 1
| #define __EXTENSIONS__ 1
| #define _ALL_SOURCE 1
| #define _DARWIN_C_SOURCE 1
| #define _GNU_SOURCE 1
| #define _POSIX_PTHREAD_SEMANTICS 1
| #define _TANDEM_SOURCE 1
| #define HAVE_DLFCN_H 1
| #define LT_OBJDIR ".libs/"
| #define HAVE_ALLOCA_H 1
| #define HAVE_ALLOCA 1
| #define HAVE_GETCWD 1
| #define HAVE_READLINK 1
| #define HAVE_REALPATH 1
| #define HAVE_READLINKAT 1
| #define HAVE_LSTAT 1
| #define HAVE_SETENV 1
| #define HAVE_SYS_PARAM_H 1
| #define HAVE_UNISTD_H 1
| #define HAVE_WCHAR_H 1
| #define HAVE_STDINT_H 1
| #define HAVE_SYS_SOCKET_H 1
| #define HAVE_SYS_STAT_H 1
| #define HAVE_SYS_TIME_H 1
| #define HAVE_DECL_STRERROR_R 1
| #define HAVE_STRERROR_R 1
| #define MALLOC_0_IS_NONNULL 1
| #define HAVE_UNSIGNED_LONG_LONG_INT 1
| #define HAVE_LONG_LONG_INT 1
| #define INSTALLPREFIX "/Users/vaw1/latte"
| #define HAVE_DECL_SETENV 1
| #define HAVE__BOOL 1
| #define HAVE_WCHAR_T 1
| #define REPLACE_STRERROR_0 1
| #define restrict __restrict__
| #define HAVE_RAW_DECL_FFSL 1
| #define HAVE_RAW_DECL_FFSLL 1
| #define HAVE_RAW_DECL_MEMMEM 1
| #define HAVE_RAW_DECL_STPCPY 1
| #define HAVE_RAW_DECL_STPNCPY 1
| #define HAVE_RAW_DECL_STRDUP 1
| #define HAVE_RAW_DECL_STRNCAT 1
| #define HAVE_RAW_DECL_STRNDUP 1
| #define HAVE_RAW_DECL_STRNLEN 1
| #define HAVE_RAW_DECL_STRPBRK 1
| #define HAVE_RAW_DECL_STRSEP 1
| #define HAVE_RAW_DECL_STRCASESTR 1
| #define HAVE_RAW_DECL_STRTOK_R 1
| #define HAVE_RAW_DECL_STRERROR_R 1
| #define HAVE_RAW_DECL_STRSIGNAL 1
| /* end confdefs.h.  */
| #include <string.h>
| 
| int
| main (void)
| {
| #undef strverscmp
|   (void) strverscmp;
|   ;
|   return 0;
| }
configure:24772: result: no
configure:24785: checking whether stat file-mode macros are broken
configure:24813: gcc -c -g -O2  conftest.c >&5
configure:24813: $? = 0
configure:24823: result: no
configure:24836: checking for mode_t
configure:24836: gcc -c -g -O2  conftest.c >&5
configure:24836: $? = 0
configure:24836: gcc -c -g -O2  conftest.c >&5
conftest.c:101:21: error: expected expression
if (sizeof ((mode_t)))
                    ^
1 error generated.
configure:24836: $? = 1
configure: failed program was:
| /* confdefs.h */
| #define PACKAGE_NAME "latte-int"
| #define PACKAGE_TARNAME "latte-int"
| #define PACKAGE_VERSION "1.7.6"
| #define PACKAGE_STRING "latte-int 1.7.6"
| #define PACKAGE_BUGREPORT ""
| #define PACKAGE_URL ""
| #define PACKAGE "latte-int"
| #define VERSION "1.7.6"
| #define HAVE_STDIO_H 1
| #define HAVE_STDLIB_H 1
| #define HAVE_STRING_H 1
| #define HAVE_INTTYPES_H 1
| #define HAVE_STDINT_H 1
| #define HAVE_STRINGS_H 1
| #define HAVE_SYS_STAT_H 1
| #define HAVE_SYS_TYPES_H 1
| #define HAVE_UNISTD_H 1
| #define STDC_HEADERS 1
| #define __EXTENSIONS__ 1
| #define _ALL_SOURCE 1
| #define _DARWIN_C_SOURCE 1
| #define _GNU_SOURCE 1
| #define _POSIX_PTHREAD_SEMANTICS 1
| #define _TANDEM_SOURCE 1
| #define HAVE_DLFCN_H 1
| #define LT_OBJDIR ".libs/"
| #define HAVE_ALLOCA_H 1
| #define HAVE_ALLOCA 1
| #define HAVE_GETCWD 1
| #define HAVE_READLINK 1
| #define HAVE_REALPATH 1
| #define HAVE_READLINKAT 1
| #define HAVE_LSTAT 1
| #define HAVE_SETENV 1
| #define HAVE_SYS_PARAM_H 1
| #define HAVE_UNISTD_H 1
| #define HAVE_WCHAR_H 1
| #define HAVE_STDINT_H 1
| #define HAVE_SYS_SOCKET_H 1
| #define HAVE_SYS_STAT_H 1
| #define HAVE_SYS_TIME_H 1
| #define HAVE_DECL_STRERROR_R 1
| #define HAVE_STRERROR_R 1
| #define MALLOC_0_IS_NONNULL 1
| #define HAVE_UNSIGNED_LONG_LONG_INT 1
| #define HAVE_LONG_LONG_INT 1
| #define INSTALLPREFIX "/Users/vaw1/latte"
| #define HAVE_DECL_SETENV 1
| #define HAVE__BOOL 1
| #define HAVE_WCHAR_T 1
| #define REPLACE_STRERROR_0 1
| #define restrict __restrict__
| #define HAVE_RAW_DECL_FFSL 1
| #define HAVE_RAW_DECL_FFSLL 1
| #define HAVE_RAW_DECL_MEMMEM 1
| #define HAVE_RAW_DECL_STPCPY 1
| #define HAVE_RAW_DECL_STPNCPY 1
| #define HAVE_RAW_DECL_STRDUP 1
| #define HAVE_RAW_DECL_STRNCAT 1
| #define HAVE_RAW_DECL_STRNDUP 1
| #define HAVE_RAW_DECL_STRNLEN 1
| #define HAVE_RAW_DECL_STRPBRK 1
| #define HAVE_RAW_DECL_STRSEP 1
| #define HAVE_RAW_DECL_STRCASESTR 1
| #define HAVE_RAW_DECL_STRTOK_R 1
| #define HAVE_RAW_DECL_STRERROR_R 1
| #define HAVE_RAW_DECL_STRSIGNAL 1
| /* end confdefs.h.  */
| #include <stddef.h>
| #ifdef HAVE_STDIO_H
| # include <stdio.h>
| #endif
| #ifdef HAVE_STDLIB_H
| # include <stdlib.h>
| #endif
| #ifdef HAVE_STRING_H
| # include <string.h>
| #endif
| #ifdef HAVE_INTTYPES_H
| # include <inttypes.h>
| #endif
| #ifdef HAVE_STDINT_H
| # include <stdint.h>
| #endif
| #ifdef HAVE_STRINGS_H
| # include <strings.h>
| #endif
| #ifdef HAVE_SYS_TYPES_H
| # include <sys/types.h>
| #endif
| #ifdef HAVE_SYS_STAT_H
| # include <sys/stat.h>
| #endif
| #ifdef HAVE_UNISTD_H
| # include <unistd.h>
| #endif
| int
| main (void)
| {
| if (sizeof ((mode_t)))
| 	    return 0;
|   ;
|   return 0;
| }
configure:24836: result: yes
configure:24850: checking for pid_t
configure:24850: gcc -c -g -O2  conftest.c >&5
configure:24850: $? = 0
configure:24850: gcc -c -g -O2  conftest.c >&5
conftest.c:102:20: error: expected expression
if (sizeof ((pid_t)))
                   ^
1 error generated.
configure:24850: $? = 1
configure: failed program was:
| /* confdefs.h */
| #define PACKAGE_NAME "latte-int"
| #define PACKAGE_TARNAME "latte-int"
| #define PACKAGE_VERSION "1.7.6"
| #define PACKAGE_STRING "latte-int 1.7.6"
| #define PACKAGE_BUGREPORT ""
| #define PACKAGE_URL ""
| #define PACKAGE "latte-int"
| #define VERSION "1.7.6"
| #define HAVE_STDIO_H 1
| #define HAVE_STDLIB_H 1
| #define HAVE_STRING_H 1
| #define HAVE_INTTYPES_H 1
| #define HAVE_STDINT_H 1
| #define HAVE_STRINGS_H 1
| #define HAVE_SYS_STAT_H 1
| #define HAVE_SYS_TYPES_H 1
| #define HAVE_UNISTD_H 1
| #define STDC_HEADERS 1
| #define __EXTENSIONS__ 1
| #define _ALL_SOURCE 1
| #define _DARWIN_C_SOURCE 1
| #define _GNU_SOURCE 1
| #define _POSIX_PTHREAD_SEMANTICS 1
| #define _TANDEM_SOURCE 1
| #define HAVE_DLFCN_H 1
| #define LT_OBJDIR ".libs/"
| #define HAVE_ALLOCA_H 1
| #define HAVE_ALLOCA 1
| #define HAVE_GETCWD 1
| #define HAVE_READLINK 1
| #define HAVE_REALPATH 1
| #define HAVE_READLINKAT 1
| #define HAVE_LSTAT 1
| #define HAVE_SETENV 1
| #define HAVE_SYS_PARAM_H 1
| #define HAVE_UNISTD_H 1
| #define HAVE_WCHAR_H 1
| #define HAVE_STDINT_H 1
| #define HAVE_SYS_SOCKET_H 1
| #define HAVE_SYS_STAT_H 1
| #define HAVE_SYS_TIME_H 1
| #define HAVE_DECL_STRERROR_R 1
| #define HAVE_STRERROR_R 1
| #define MALLOC_0_IS_NONNULL 1
| #define HAVE_UNSIGNED_LONG_LONG_INT 1
| #define HAVE_LONG_LONG_INT 1
| #define INSTALLPREFIX "/Users/vaw1/latte"
| #define HAVE_DECL_SETENV 1
| #define HAVE__BOOL 1
| #define HAVE_WCHAR_T 1
| #define REPLACE_STRERROR_0 1
| #define restrict __restrict__
| #define HAVE_RAW_DECL_FFSL 1
| #define HAVE_RAW_DECL_FFSLL 1
| #define HAVE_RAW_DECL_MEMMEM 1
| #define HAVE_RAW_DECL_STPCPY 1
| #define HAVE_RAW_DECL_STPNCPY 1
| #define HAVE_RAW_DECL_STRDUP 1
| #define HAVE_RAW_DECL_STRNCAT 1
| #define HAVE_RAW_DECL_STRNDUP 1
| #define HAVE_RAW_DECL_STRNLEN 1
| #define HAVE_RAW_DECL_STRPBRK 1
| #define HAVE_RAW_DECL_STRSEP 1
| #define HAVE_RAW_DECL_STRCASESTR 1
| #define HAVE_RAW_DECL_STRTOK_R 1
| #define HAVE_RAW_DECL_STRERROR_R 1
| #define HAVE_RAW_DECL_STRSIGNAL 1
| /* end confdefs.h.  */
| #include <stddef.h>
| #ifdef HAVE_STDIO_H
| # include <stdio.h>
| #endif
| #ifdef HAVE_STDLIB_H
| # include <stdlib.h>
| #endif
| #ifdef HAVE_STRING_H
| # include <string.h>
| #endif
| #ifdef HAVE_INTTYPES_H
| # include <inttypes.h>
| #endif
| #ifdef HAVE_STDINT_H
| # include <stdint.h>
| #endif
| #ifdef HAVE_STRINGS_H
| # include <strings.h>
| #endif
| #ifdef HAVE_SYS_TYPES_H
| # include <sys/types.h>
| #endif
| #ifdef HAVE_SYS_STAT_H
| # include <sys/stat.h>
| #endif
| #ifdef HAVE_UNISTD_H
| # include <unistd.h>
| #endif
| 
| int
| main (void)
| {
| if (sizeof ((pid_t)))
| 	    return 0;
|   ;
|   return 0;
| }
configure:24850: result: yes
configure:25000: checking for struct timespec in <time.h>
configure:25018: gcc -c -g -O2  conftest.c >&5
configure:25018: $? = 0
configure:25028: result: yes
configure:25212: checking for alloca as a compiler built-in
configure:25240: result: yes
configure:25343: checking whether // is distinct from /
configure:25374: result: no
configure:25400: checking for error_at_line
configure:25417: gcc -o conftest -g -O2   conftest.c  >&5
conftest.c:75:10: fatal error: 'error.h' file not found
#include <error.h>
         ^~~~~~~~~
1 error generated.
configure:25417: $? = 1
configure: failed program was:
| /* confdefs.h */
| #define PACKAGE_NAME "latte-int"
| #define PACKAGE_TARNAME "latte-int"
| #define PACKAGE_VERSION "1.7.6"
| #define PACKAGE_STRING "latte-int 1.7.6"
| #define PACKAGE_BUGREPORT ""
| #define PACKAGE_URL ""
| #define PACKAGE "latte-int"
| #define VERSION "1.7.6"
| #define HAVE_STDIO_H 1
| #define HAVE_STDLIB_H 1
| #define HAVE_STRING_H 1
| #define HAVE_INTTYPES_H 1
| #define HAVE_STDINT_H 1
| #define HAVE_STRINGS_H 1
| #define HAVE_SYS_STAT_H 1
| #define HAVE_SYS_TYPES_H 1
| #define HAVE_UNISTD_H 1
| #define STDC_HEADERS 1
| #define __EXTENSIONS__ 1
| #define _ALL_SOURCE 1
| #define _DARWIN_C_SOURCE 1
| #define _GNU_SOURCE 1
| #define _POSIX_PTHREAD_SEMANTICS 1
| #define _TANDEM_SOURCE 1
| #define HAVE_DLFCN_H 1
| #define LT_OBJDIR ".libs/"
| #define HAVE_ALLOCA_H 1
| #define HAVE_ALLOCA 1
| #define HAVE_GETCWD 1
| #define HAVE_READLINK 1
| #define HAVE_REALPATH 1
| #define HAVE_READLINKAT 1
| #define HAVE_LSTAT 1
| #define HAVE_SETENV 1
| #define HAVE_SYS_PARAM_H 1
| #define HAVE_UNISTD_H 1
| #define HAVE_WCHAR_H 1
| #define HAVE_STDINT_H 1
| #define HAVE_SYS_SOCKET_H 1
| #define HAVE_SYS_STAT_H 1
| #define HAVE_SYS_TIME_H 1
| #define HAVE_DECL_STRERROR_R 1
| #define HAVE_STRERROR_R 1
| #define MALLOC_0_IS_NONNULL 1
| #define HAVE_UNSIGNED_LONG_LONG_INT 1
| #define HAVE_LONG_LONG_INT 1
| #define INSTALLPREFIX "/Users/vaw1/latte"
| #define HAVE_DECL_SETENV 1
| #define HAVE__BOOL 1
| #define HAVE_WCHAR_T 1
| #define REPLACE_STRERROR_0 1
| #define restrict __restrict__
| #define HAVE_RAW_DECL_FFSL 1
| #define HAVE_RAW_DECL_FFSLL 1
| #define HAVE_RAW_DECL_MEMMEM 1
| #define HAVE_RAW_DECL_STPCPY 1
| #define HAVE_RAW_DECL_STPNCPY 1
| #define HAVE_RAW_DECL_STRDUP 1
| #define HAVE_RAW_DECL_STRNCAT 1
| #define HAVE_RAW_DECL_STRNDUP 1
| #define HAVE_RAW_DECL_STRNLEN 1
| #define HAVE_RAW_DECL_STRPBRK 1
| #define HAVE_RAW_DECL_STRSEP 1
| #define HAVE_RAW_DECL_STRCASESTR 1
| #define HAVE_RAW_DECL_STRTOK_R 1
| #define HAVE_RAW_DECL_STRERROR_R 1
| #define HAVE_RAW_DECL_STRSIGNAL 1
| #define HAVE_ALLOCA 1
| #define GNULIB_CANONICALIZE_LGPL 1
| #define GNULIB_TEST_CANONICALIZE_FILE_NAME 1
| #define GNULIB_TEST_REALPATH 1
| #define GNULIB_TEST_ENVIRON 1
| /* end confdefs.h.  */
| #include <error.h>
| int
| main (void)
| {
| error_at_line (0, 0, "", 0, "an error occurred");
|   ;
|   return 0;
| }
configure:25428: result: no
configure:25559: checking whether program_invocation_name is declared
configure:25559: gcc -c -g -O2   conftest.c >&5
conftest.c:85:10: error: use of undeclared identifier 'program_invocation_name'
  (void) program_invocation_name;
         ^
1 error generated.
configure:25559: $? = 1
configure: failed program was:
| /* confdefs.h */
| #define PACKAGE_NAME "latte-int"
| #define PACKAGE_TARNAME "latte-int"
| #define PACKAGE_VERSION "1.7.6"
| #define PACKAGE_STRING "latte-int 1.7.6"
| #define PACKAGE_BUGREPORT ""
| #define PACKAGE_URL ""
| #define PACKAGE "latte-int"
| #define VERSION "1.7.6"
| #define HAVE_STDIO_H 1
| #define HAVE_STDLIB_H 1
| #define HAVE_STRING_H 1
| #define HAVE_INTTYPES_H 1
| #define HAVE_STDINT_H 1
| #define HAVE_STRINGS_H 1
| #define HAVE_SYS_STAT_H 1
| #define HAVE_SYS_TYPES_H 1
| #define HAVE_UNISTD_H 1
| #define STDC_HEADERS 1
| #define __EXTENSIONS__ 1
| #define _ALL_SOURCE 1
| #define _DARWIN_C_SOURCE 1
| #define _GNU_SOURCE 1
| #define _POSIX_PTHREAD_SEMANTICS 1
| #define _TANDEM_SOURCE 1
| #define HAVE_DLFCN_H 1
| #define LT_OBJDIR ".libs/"
| #define HAVE_ALLOCA_H 1
| #define HAVE_ALLOCA 1
| #define HAVE_GETCWD 1
| #define HAVE_READLINK 1
| #define HAVE_REALPATH 1
| #define HAVE_READLINKAT 1
| #define HAVE_LSTAT 1
| #define HAVE_SETENV 1
| #define HAVE_SYS_PARAM_H 1
| #define HAVE_UNISTD_H 1
| #define HAVE_WCHAR_H 1
| #define HAVE_STDINT_H 1
| #define HAVE_SYS_SOCKET_H 1
| #define HAVE_SYS_STAT_H 1
| #define HAVE_SYS_TIME_H 1
| #define HAVE_DECL_STRERROR_R 1
| #define HAVE_STRERROR_R 1
| #define MALLOC_0_IS_NONNULL 1
| #define HAVE_UNSIGNED_LONG_LONG_INT 1
| #define HAVE_LONG_LONG_INT 1
| #define INSTALLPREFIX "/Users/vaw1/latte"
| #define HAVE_DECL_SETENV 1
| #define HAVE__BOOL 1
| #define HAVE_WCHAR_T 1
| #define REPLACE_STRERROR_0 1
| #define restrict __restrict__
| #define HAVE_RAW_DECL_FFSL 1
| #define HAVE_RAW_DECL_FFSLL 1
| #define HAVE_RAW_DECL_MEMMEM 1
| #define HAVE_RAW_DECL_STPCPY 1
| #define HAVE_RAW_DECL_STPNCPY 1
| #define HAVE_RAW_DECL_STRDUP 1
| #define HAVE_RAW_DECL_STRNCAT 1
| #define HAVE_RAW_DECL_STRNDUP 1
| #define HAVE_RAW_DECL_STRNLEN 1
| #define HAVE_RAW_DECL_STRPBRK 1
| #define HAVE_RAW_DECL_STRSEP 1
| #define HAVE_RAW_DECL_STRCASESTR 1
| #define HAVE_RAW_DECL_STRTOK_R 1
| #define HAVE_RAW_DECL_STRERROR_R 1
| #define HAVE_RAW_DECL_STRSIGNAL 1
| #define HAVE_ALLOCA 1
| #define GNULIB_CANONICALIZE_LGPL 1
| #define GNULIB_TEST_CANONICALIZE_FILE_NAME 1
| #define GNULIB_TEST_REALPATH 1
| #define GNULIB_TEST_ENVIRON 1
| #define GNULIB_TEST_LSTAT 1
| /* end confdefs.h.  */
| #include <errno.h>
| 
| int
| main (void)
| {
| #ifndef program_invocation_name
| #ifdef __cplusplus
|   (void) program_invocation_name;
| #else
|   (void) program_invocation_name;
| #endif
| #endif
| 
|   ;
|   return 0;
| }
configure:25559: result: no
configure:25570: checking whether program_invocation_short_name is declared
configure:25570: gcc -c -g -O2   conftest.c >&5
conftest.c:86:10: error: use of undeclared identifier 'program_invocation_short_name'
  (void) program_invocation_short_name;
         ^
1 error generated.
configure:25570: $? = 1
configure: failed program was:
| /* confdefs.h */
| #define PACKAGE_NAME "latte-int"
| #define PACKAGE_TARNAME "latte-int"
| #define PACKAGE_VERSION "1.7.6"
| #define PACKAGE_STRING "latte-int 1.7.6"
| #define PACKAGE_BUGREPORT ""
| #define PACKAGE_URL ""
| #define PACKAGE "latte-int"
| #define VERSION "1.7.6"
| #define HAVE_STDIO_H 1
| #define HAVE_STDLIB_H 1
| #define HAVE_STRING_H 1
| #define HAVE_INTTYPES_H 1
| #define HAVE_STDINT_H 1
| #define HAVE_STRINGS_H 1
| #define HAVE_SYS_STAT_H 1
| #define HAVE_SYS_TYPES_H 1
| #define HAVE_UNISTD_H 1
| #define STDC_HEADERS 1
| #define __EXTENSIONS__ 1
| #define _ALL_SOURCE 1
| #define _DARWIN_C_SOURCE 1
| #define _GNU_SOURCE 1
| #define _POSIX_PTHREAD_SEMANTICS 1
| #define _TANDEM_SOURCE 1
| #define HAVE_DLFCN_H 1
| #define LT_OBJDIR ".libs/"
| #define HAVE_ALLOCA_H 1
| #define HAVE_ALLOCA 1
| #define HAVE_GETCWD 1
| #define HAVE_READLINK 1
| #define HAVE_REALPATH 1
| #define HAVE_READLINKAT 1
| #define HAVE_LSTAT 1
| #define HAVE_SETENV 1
| #define HAVE_SYS_PARAM_H 1
| #define HAVE_UNISTD_H 1
| #define HAVE_WCHAR_H 1
| #define HAVE_STDINT_H 1
| #define HAVE_SYS_SOCKET_H 1
| #define HAVE_SYS_STAT_H 1
| #define HAVE_SYS_TIME_H 1
| #define HAVE_DECL_STRERROR_R 1
| #define HAVE_STRERROR_R 1
| #define MALLOC_0_IS_NONNULL 1
| #define HAVE_UNSIGNED_LONG_LONG_INT 1
| #define HAVE_LONG_LONG_INT 1
| #define INSTALLPREFIX "/Users/vaw1/latte"
| #define HAVE_DECL_SETENV 1
| #define HAVE__BOOL 1
| #define HAVE_WCHAR_T 1
| #define REPLACE_STRERROR_0 1
| #define restrict __restrict__
| #define HAVE_RAW_DECL_FFSL 1
| #define HAVE_RAW_DECL_FFSLL 1
| #define HAVE_RAW_DECL_MEMMEM 1
| #define HAVE_RAW_DECL_STPCPY 1
| #define HAVE_RAW_DECL_STPNCPY 1
| #define HAVE_RAW_DECL_STRDUP 1
| #define HAVE_RAW_DECL_STRNCAT 1
| #define HAVE_RAW_DECL_STRNDUP 1
| #define HAVE_RAW_DECL_STRNLEN 1
| #define HAVE_RAW_DECL_STRPBRK 1
| #define HAVE_RAW_DECL_STRSEP 1
| #define HAVE_RAW_DECL_STRCASESTR 1
| #define HAVE_RAW_DECL_STRTOK_R 1
| #define HAVE_RAW_DECL_STRERROR_R 1
| #define HAVE_RAW_DECL_STRSIGNAL 1
| #define HAVE_ALLOCA 1
| #define GNULIB_CANONICALIZE_LGPL 1
| #define GNULIB_TEST_CANONICALIZE_FILE_NAME 1
| #define GNULIB_TEST_REALPATH 1
| #define GNULIB_TEST_ENVIRON 1
| #define GNULIB_TEST_LSTAT 1
| #define HAVE_DECL_PROGRAM_INVOCATION_NAME 0
| /* end confdefs.h.  */
| #include <errno.h>
| 
| int
| main (void)
| {
| #ifndef program_invocation_short_name
| #ifdef __cplusplus
|   (void) program_invocation_short_name;
| #else
|   (void) program_invocation_short_name;
| #endif
| #endif
| 
|   ;
|   return 0;
| }
configure:25570: result: no
configure:25593: checking whether readlink signature is correct
configure:25612: gcc -c -g -O2  conftest.c >&5
configure:25612: $? = 0
configure:25622: result: yes
configure:25624: checking whether readlink handles trailing slash correctly
configure:25656: gcc -o conftest -g -O2   conftest.c  >&5
configure:25656: $? = 0
configure:25656: ./conftest
configure:25656: $? = 1
configure: program exited with status 1
configure: failed program was:
| /* confdefs.h */
| #define PACKAGE_NAME "latte-int"
| #define PACKAGE_TARNAME "latte-int"
| #define PACKAGE_VERSION "1.7.6"
| #define PACKAGE_STRING "latte-int 1.7.6"
| #define PACKAGE_BUGREPORT ""
| #define PACKAGE_URL ""
| #define PACKAGE "latte-int"
| #define VERSION "1.7.6"
| #define HAVE_STDIO_H 1
| #define HAVE_STDLIB_H 1
| #define HAVE_STRING_H 1
| #define HAVE_INTTYPES_H 1
| #define HAVE_STDINT_H 1
| #define HAVE_STRINGS_H 1
| #define HAVE_SYS_STAT_H 1
| #define HAVE_SYS_TYPES_H 1
| #define HAVE_UNISTD_H 1
| #define STDC_HEADERS 1
| #define __EXTENSIONS__ 1
| #define _ALL_SOURCE 1
| #define _DARWIN_C_SOURCE 1
| #define _GNU_SOURCE 1
| #define _POSIX_PTHREAD_SEMANTICS 1
| #define _TANDEM_SOURCE 1
| #define HAVE_DLFCN_H 1
| #define LT_OBJDIR ".libs/"
| #define HAVE_ALLOCA_H 1
| #define HAVE_ALLOCA 1
| #define HAVE_GETCWD 1
| #define HAVE_READLINK 1
| #define HAVE_REALPATH 1
| #define HAVE_READLINKAT 1
| #define HAVE_LSTAT 1
| #define HAVE_SETENV 1
| #define HAVE_SYS_PARAM_H 1
| #define HAVE_UNISTD_H 1
| #define HAVE_WCHAR_H 1
| #define HAVE_STDINT_H 1
| #define HAVE_SYS_SOCKET_H 1
| #define HAVE_SYS_STAT_H 1
| #define HAVE_SYS_TIME_H 1
| #define HAVE_DECL_STRERROR_R 1
| #define HAVE_STRERROR_R 1
| #define MALLOC_0_IS_NONNULL 1
| #define HAVE_UNSIGNED_LONG_LONG_INT 1
| #define HAVE_LONG_LONG_INT 1
| #define INSTALLPREFIX "/Users/vaw1/latte"
| #define HAVE_DECL_SETENV 1
| #define HAVE__BOOL 1
| #define HAVE_WCHAR_T 1
| #define REPLACE_STRERROR_0 1
| #define restrict __restrict__
| #define HAVE_RAW_DECL_FFSL 1
| #define HAVE_RAW_DECL_FFSLL 1
| #define HAVE_RAW_DECL_MEMMEM 1
| #define HAVE_RAW_DECL_STPCPY 1
| #define HAVE_RAW_DECL_STPNCPY 1
| #define HAVE_RAW_DECL_STRDUP 1
| #define HAVE_RAW_DECL_STRNCAT 1
| #define HAVE_RAW_DECL_STRNDUP 1
| #define HAVE_RAW_DECL_STRNLEN 1
| #define HAVE_RAW_DECL_STRPBRK 1
| #define HAVE_RAW_DECL_STRSEP 1
| #define HAVE_RAW_DECL_STRCASESTR 1
| #define HAVE_RAW_DECL_STRTOK_R 1
| #define HAVE_RAW_DECL_STRERROR_R 1
| #define HAVE_RAW_DECL_STRSIGNAL 1
| #define HAVE_ALLOCA 1
| #define GNULIB_CANONICALIZE_LGPL 1
| #define GNULIB_TEST_CANONICALIZE_FILE_NAME 1
| #define GNULIB_TEST_REALPATH 1
| #define GNULIB_TEST_ENVIRON 1
| #define GNULIB_TEST_LSTAT 1
| #define HAVE_DECL_PROGRAM_INVOCATION_NAME 0
| #define HAVE_DECL_PROGRAM_INVOCATION_SHORT_NAME 0
| /* end confdefs.h.  */
| #include <unistd.h>
| 
| int
| main (void)
| {
| char buf[20];
|       return readlink ("conftest.lnk2/", buf, sizeof buf) != -1;
|   ;
|   return 0;
| }
configure:25671: result: no
configure:25822: checking for search.h
configure:25822: gcc -c -g -O2  conftest.c >&5
configure:25822: $? = 0
configure:25822: result: yes
configure:25829: checking for tsearch
configure:25829: gcc -o conftest -g -O2   conftest.c  >&5
configure:25829: $? = 0
configure:25829: result: yes
configure:25839: checking for ssize_t
configure:25857: gcc -c -g -O2  conftest.c >&5
configure:25857: $? = 0
configure:25867: result: yes
configure:25884: checking whether stat handles trailing slashes on directories
configure:25909: gcc -o conftest -g -O2   conftest.c  >&5
configure:25909: $? = 0
configure:25909: ./conftest
configure:25909: $? = 0
configure:25923: result: yes
configure:25925: checking whether stat handles trailing slashes on files
configure:25967: gcc -o conftest -g -O2   conftest.c  >&5
configure:25967: $? = 0
configure:25967: ./conftest
configure:25967: $? = 2
configure: program exited with status 2
configure: failed program was:
| /* confdefs.h */
| #define PACKAGE_NAME "latte-int"
| #define PACKAGE_TARNAME "latte-int"
| #define PACKAGE_VERSION "1.7.6"
| #define PACKAGE_STRING "latte-int 1.7.6"
| #define PACKAGE_BUGREPORT ""
| #define PACKAGE_URL ""
| #define PACKAGE "latte-int"
| #define VERSION "1.7.6"
| #define HAVE_STDIO_H 1
| #define HAVE_STDLIB_H 1
| #define HAVE_STRING_H 1
| #define HAVE_INTTYPES_H 1
| #define HAVE_STDINT_H 1
| #define HAVE_STRINGS_H 1
| #define HAVE_SYS_STAT_H 1
| #define HAVE_SYS_TYPES_H 1
| #define HAVE_UNISTD_H 1
| #define STDC_HEADERS 1
| #define __EXTENSIONS__ 1
| #define _ALL_SOURCE 1
| #define _DARWIN_C_SOURCE 1
| #define _GNU_SOURCE 1
| #define _POSIX_PTHREAD_SEMANTICS 1
| #define _TANDEM_SOURCE 1
| #define HAVE_DLFCN_H 1
| #define LT_OBJDIR ".libs/"
| #define HAVE_ALLOCA_H 1
| #define HAVE_ALLOCA 1
| #define HAVE_GETCWD 1
| #define HAVE_READLINK 1
| #define HAVE_REALPATH 1
| #define HAVE_READLINKAT 1
| #define HAVE_LSTAT 1
| #define HAVE_SETENV 1
| #define HAVE_SYS_PARAM_H 1
| #define HAVE_UNISTD_H 1
| #define HAVE_WCHAR_H 1
| #define HAVE_STDINT_H 1
| #define HAVE_SYS_SOCKET_H 1
| #define HAVE_SYS_STAT_H 1
| #define HAVE_SYS_TIME_H 1
| #define HAVE_DECL_STRERROR_R 1
| #define HAVE_STRERROR_R 1
| #define MALLOC_0_IS_NONNULL 1
| #define HAVE_UNSIGNED_LONG_LONG_INT 1
| #define HAVE_LONG_LONG_INT 1
| #define INSTALLPREFIX "/Users/vaw1/latte"
| #define HAVE_DECL_SETENV 1
| #define HAVE__BOOL 1
| #define HAVE_WCHAR_T 1
| #define REPLACE_STRERROR_0 1
| #define restrict __restrict__
| #define HAVE_RAW_DECL_FFSL 1
| #define HAVE_RAW_DECL_FFSLL 1
| #define HAVE_RAW_DECL_MEMMEM 1
| #define HAVE_RAW_DECL_STPCPY 1
| #define HAVE_RAW_DECL_STPNCPY 1
| #define HAVE_RAW_DECL_STRDUP 1
| #define HAVE_RAW_DECL_STRNCAT 1
| #define HAVE_RAW_DECL_STRNDUP 1
| #define HAVE_RAW_DECL_STRNLEN 1
| #define HAVE_RAW_DECL_STRPBRK 1
| #define HAVE_RAW_DECL_STRSEP 1
| #define HAVE_RAW_DECL_STRCASESTR 1
| #define HAVE_RAW_DECL_STRTOK_R 1
| #define HAVE_RAW_DECL_STRERROR_R 1
| #define HAVE_RAW_DECL_STRSIGNAL 1
| #define HAVE_ALLOCA 1
| #define GNULIB_CANONICALIZE_LGPL 1
| #define GNULIB_TEST_CANONICALIZE_FILE_NAME 1
| #define GNULIB_TEST_REALPATH 1
| #define GNULIB_TEST_ENVIRON 1
| #define GNULIB_TEST_LSTAT 1
| #define HAVE_DECL_PROGRAM_INVOCATION_NAME 0
| #define HAVE_DECL_PROGRAM_INVOCATION_SHORT_NAME 0
| #define READLINK_TRAILING_SLASH_BUG 1
| #define GNULIB_TEST_READLINK 1
| #define HAVE_SEARCH_H 1
| #define HAVE_TSEARCH 1
| /* end confdefs.h.  */
| #include <sys/stat.h>
| 
| int
| main (void)
| {
| int result = 0;
|       struct stat st;
|       if (!stat ("conftest.tmp/", &st))
|         result |= 1;
| #if HAVE_LSTAT
|       if (!stat ("conftest.lnk/", &st))
|         result |= 2;
| #endif
|       return result;
| 
|   ;
|   return 0;
| }
configure:25982: result: no
configure:26060: checking whether NULL can be used in arbitrary expressions
configure:26079: gcc -c -g -O2  conftest.c >&5
configure:26079: $? = 0
configure:26089: result: yes
configure:26252: checking whether _Exit is declared without a macro
configure:26277: gcc -c -g -O2  conftest.c >&5
configure:26277: $? = 0
configure:26288: result: yes
configure:26252: checking whether atoll is declared without a macro
configure:26277: gcc -c -g -O2  conftest.c >&5
configure:26277: $? = 0
configure:26288: result: yes
configure:26252: checking whether canonicalize_file_name is declared without a macro
configure:26277: gcc -c -g -O2  conftest.c >&5
conftest.c:98:10: error: use of undeclared identifier 'canonicalize_file_name'
  (void) canonicalize_file_name;
         ^
1 error generated.
configure:26277: $? = 1
configure: failed program was:
| /* confdefs.h */
| #define PACKAGE_NAME "latte-int"
| #define PACKAGE_TARNAME "latte-int"
| #define PACKAGE_VERSION "1.7.6"
| #define PACKAGE_STRING "latte-int 1.7.6"
| #define PACKAGE_BUGREPORT ""
| #define PACKAGE_URL ""
| #define PACKAGE "latte-int"
| #define VERSION "1.7.6"
| #define HAVE_STDIO_H 1
| #define HAVE_STDLIB_H 1
| #define HAVE_STRING_H 1
| #define HAVE_INTTYPES_H 1
| #define HAVE_STDINT_H 1
| #define HAVE_STRINGS_H 1
| #define HAVE_SYS_STAT_H 1
| #define HAVE_SYS_TYPES_H 1
| #define HAVE_UNISTD_H 1
| #define STDC_HEADERS 1
| #define __EXTENSIONS__ 1
| #define _ALL_SOURCE 1
| #define _DARWIN_C_SOURCE 1
| #define _GNU_SOURCE 1
| #define _POSIX_PTHREAD_SEMANTICS 1
| #define _TANDEM_SOURCE 1
| #define HAVE_DLFCN_H 1
| #define LT_OBJDIR ".libs/"
| #define HAVE_ALLOCA_H 1
| #define HAVE_ALLOCA 1
| #define HAVE_GETCWD 1
| #define HAVE_READLINK 1
| #define HAVE_REALPATH 1
| #define HAVE_READLINKAT 1
| #define HAVE_LSTAT 1
| #define HAVE_SETENV 1
| #define HAVE_SYS_PARAM_H 1
| #define HAVE_UNISTD_H 1
| #define HAVE_WCHAR_H 1
| #define HAVE_STDINT_H 1
| #define HAVE_SYS_SOCKET_H 1
| #define HAVE_SYS_STAT_H 1
| #define HAVE_SYS_TIME_H 1
| #define HAVE_DECL_STRERROR_R 1
| #define HAVE_STRERROR_R 1
| #define MALLOC_0_IS_NONNULL 1
| #define HAVE_UNSIGNED_LONG_LONG_INT 1
| #define HAVE_LONG_LONG_INT 1
| #define INSTALLPREFIX "/Users/vaw1/latte"
| #define HAVE_DECL_SETENV 1
| #define HAVE__BOOL 1
| #define HAVE_WCHAR_T 1
| #define REPLACE_STRERROR_0 1
| #define restrict __restrict__
| #define HAVE_RAW_DECL_FFSL 1
| #define HAVE_RAW_DECL_FFSLL 1
| #define HAVE_RAW_DECL_MEMMEM 1
| #define HAVE_RAW_DECL_STPCPY 1
| #define HAVE_RAW_DECL_STPNCPY 1
| #define HAVE_RAW_DECL_STRDUP 1
| #define HAVE_RAW_DECL_STRNCAT 1
| #define HAVE_RAW_DECL_STRNDUP 1
| #define HAVE_RAW_DECL_STRNLEN 1
| #define HAVE_RAW_DECL_STRPBRK 1
| #define HAVE_RAW_DECL_STRSEP 1
| #define HAVE_RAW_DECL_STRCASESTR 1
| #define HAVE_RAW_DECL_STRTOK_R 1
| #define HAVE_RAW_DECL_STRERROR_R 1
| #define HAVE_RAW_DECL_STRSIGNAL 1
| #define HAVE_ALLOCA 1
| #define GNULIB_CANONICALIZE_LGPL 1
| #define GNULIB_TEST_CANONICALIZE_FILE_NAME 1
| #define GNULIB_TEST_REALPATH 1
| #define GNULIB_TEST_ENVIRON 1
| #define GNULIB_TEST_LSTAT 1
| #define HAVE_DECL_PROGRAM_INVOCATION_NAME 0
| #define HAVE_DECL_PROGRAM_INVOCATION_SHORT_NAME 0
| #define READLINK_TRAILING_SLASH_BUG 1
| #define GNULIB_TEST_READLINK 1
| #define HAVE_SEARCH_H 1
| #define HAVE_TSEARCH 1
| #define REPLACE_FUNC_STAT_FILE 1
| #define GNULIB_TEST_STAT 1
| #define HAVE_RAW_DECL__EXIT 1
| #define HAVE_RAW_DECL_ATOLL 1
| /* end confdefs.h.  */
| #include <stdlib.h>
| #if HAVE_SYS_LOADAVG_H
| # include <sys/loadavg.h>
| #endif
| #if HAVE_RANDOM_H
| # include <random.h>
| #endif
| 
| int
| main (void)
| {
| #undef canonicalize_file_name
|   (void) canonicalize_file_name;
|   ;
|   return 0;
| }
configure:26288: result: no
configure:26252: checking whether getloadavg is declared without a macro
configure:26277: gcc -c -g -O2  conftest.c >&5
configure:26277: $? = 0
configure:26288: result: yes
configure:26252: checking whether getsubopt is declared without a macro
configure:26277: gcc -c -g -O2  conftest.c >&5
configure:26277: $? = 0
configure:26288: result: yes
configure:26252: checking whether grantpt is declared without a macro
configure:26277: gcc -c -g -O2  conftest.c >&5
configure:26277: $? = 0
configure:26288: result: yes
configure:26252: checking whether initstate is declared without a macro
configure:26277: gcc -c -g -O2  conftest.c >&5
configure:26277: $? = 0
configure:26288: result: yes
configure:26252: checking whether initstate_r is declared without a macro
configure:26277: gcc -c -g -O2  conftest.c >&5
conftest.c:102:10: error: use of undeclared identifier 'initstate_r'
  (void) initstate_r;
         ^
1 error generated.
configure:26277: $? = 1
configure: failed program was:
| /* confdefs.h */
| #define PACKAGE_NAME "latte-int"
| #define PACKAGE_TARNAME "latte-int"
| #define PACKAGE_VERSION "1.7.6"
| #define PACKAGE_STRING "latte-int 1.7.6"
| #define PACKAGE_BUGREPORT ""
| #define PACKAGE_URL ""
| #define PACKAGE "latte-int"
| #define VERSION "1.7.6"
| #define HAVE_STDIO_H 1
| #define HAVE_STDLIB_H 1
| #define HAVE_STRING_H 1
| #define HAVE_INTTYPES_H 1
| #define HAVE_STDINT_H 1
| #define HAVE_STRINGS_H 1
| #define HAVE_SYS_STAT_H 1
| #define HAVE_SYS_TYPES_H 1
| #define HAVE_UNISTD_H 1
| #define STDC_HEADERS 1
| #define __EXTENSIONS__ 1
| #define _ALL_SOURCE 1
| #define _DARWIN_C_SOURCE 1
| #define _GNU_SOURCE 1
| #define _POSIX_PTHREAD_SEMANTICS 1
| #define _TANDEM_SOURCE 1
| #define HAVE_DLFCN_H 1
| #define LT_OBJDIR ".libs/"
| #define HAVE_ALLOCA_H 1
| #define HAVE_ALLOCA 1
| #define HAVE_GETCWD 1
| #define HAVE_READLINK 1
| #define HAVE_REALPATH 1
| #define HAVE_READLINKAT 1
| #define HAVE_LSTAT 1
| #define HAVE_SETENV 1
| #define HAVE_SYS_PARAM_H 1
| #define HAVE_UNISTD_H 1
| #define HAVE_WCHAR_H 1
| #define HAVE_STDINT_H 1
| #define HAVE_SYS_SOCKET_H 1
| #define HAVE_SYS_STAT_H 1
| #define HAVE_SYS_TIME_H 1
| #define HAVE_DECL_STRERROR_R 1
| #define HAVE_STRERROR_R 1
| #define MALLOC_0_IS_NONNULL 1
| #define HAVE_UNSIGNED_LONG_LONG_INT 1
| #define HAVE_LONG_LONG_INT 1
| #define INSTALLPREFIX "/Users/vaw1/latte"
| #define HAVE_DECL_SETENV 1
| #define HAVE__BOOL 1
| #define HAVE_WCHAR_T 1
| #define REPLACE_STRERROR_0 1
| #define restrict __restrict__
| #define HAVE_RAW_DECL_FFSL 1
| #define HAVE_RAW_DECL_FFSLL 1
| #define HAVE_RAW_DECL_MEMMEM 1
| #define HAVE_RAW_DECL_STPCPY 1
| #define HAVE_RAW_DECL_STPNCPY 1
| #define HAVE_RAW_DECL_STRDUP 1
| #define HAVE_RAW_DECL_STRNCAT 1
| #define HAVE_RAW_DECL_STRNDUP 1
| #define HAVE_RAW_DECL_STRNLEN 1
| #define HAVE_RAW_DECL_STRPBRK 1
| #define HAVE_RAW_DECL_STRSEP 1
| #define HAVE_RAW_DECL_STRCASESTR 1
| #define HAVE_RAW_DECL_STRTOK_R 1
| #define HAVE_RAW_DECL_STRERROR_R 1
| #define HAVE_RAW_DECL_STRSIGNAL 1
| #define HAVE_ALLOCA 1
| #define GNULIB_CANONICALIZE_LGPL 1
| #define GNULIB_TEST_CANONICALIZE_FILE_NAME 1
| #define GNULIB_TEST_REALPATH 1
| #define GNULIB_TEST_ENVIRON 1
| #define GNULIB_TEST_LSTAT 1
| #define HAVE_DECL_PROGRAM_INVOCATION_NAME 0
| #define HAVE_DECL_PROGRAM_INVOCATION_SHORT_NAME 0
| #define READLINK_TRAILING_SLASH_BUG 1
| #define GNULIB_TEST_READLINK 1
| #define HAVE_SEARCH_H 1
| #define HAVE_TSEARCH 1
| #define REPLACE_FUNC_STAT_FILE 1
| #define GNULIB_TEST_STAT 1
| #define HAVE_RAW_DECL__EXIT 1
| #define HAVE_RAW_DECL_ATOLL 1
| #define HAVE_RAW_DECL_GETLOADAVG 1
| #define HAVE_RAW_DECL_GETSUBOPT 1
| #define HAVE_RAW_DECL_GRANTPT 1
| #define HAVE_RAW_DECL_INITSTATE 1
| /* end confdefs.h.  */
| #include <stdlib.h>
| #if HAVE_SYS_LOADAVG_H
| # include <sys/loadavg.h>
| #endif
| #if HAVE_RANDOM_H
| # include <random.h>
| #endif
| 
| int
| main (void)
| {
| #undef initstate_r
|   (void) initstate_r;
|   ;
|   return 0;
| }
configure:26288: result: no
configure:26252: checking whether mkdtemp is declared without a macro
configure:26277: gcc -c -g -O2  conftest.c >&5
conftest.c:102:10: error: use of undeclared identifier 'mkdtemp'
  (void) mkdtemp;
         ^
1 error generated.
configure:26277: $? = 1
configure: failed program was:
| /* confdefs.h */
| #define PACKAGE_NAME "latte-int"
| #define PACKAGE_TARNAME "latte-int"
| #define PACKAGE_VERSION "1.7.6"
| #define PACKAGE_STRING "latte-int 1.7.6"
| #define PACKAGE_BUGREPORT ""
| #define PACKAGE_URL ""
| #define PACKAGE "latte-int"
| #define VERSION "1.7.6"
| #define HAVE_STDIO_H 1
| #define HAVE_STDLIB_H 1
| #define HAVE_STRING_H 1
| #define HAVE_INTTYPES_H 1
| #define HAVE_STDINT_H 1
| #define HAVE_STRINGS_H 1
| #define HAVE_SYS_STAT_H 1
| #define HAVE_SYS_TYPES_H 1
| #define HAVE_UNISTD_H 1
| #define STDC_HEADERS 1
| #define __EXTENSIONS__ 1
| #define _ALL_SOURCE 1
| #define _DARWIN_C_SOURCE 1
| #define _GNU_SOURCE 1
| #define _POSIX_PTHREAD_SEMANTICS 1
| #define _TANDEM_SOURCE 1
| #define HAVE_DLFCN_H 1
| #define LT_OBJDIR ".libs/"
| #define HAVE_ALLOCA_H 1
| #define HAVE_ALLOCA 1
| #define HAVE_GETCWD 1
| #define HAVE_READLINK 1
| #define HAVE_REALPATH 1
| #define HAVE_READLINKAT 1
| #define HAVE_LSTAT 1
| #define HAVE_SETENV 1
| #define HAVE_SYS_PARAM_H 1
| #define HAVE_UNISTD_H 1
| #define HAVE_WCHAR_H 1
| #define HAVE_STDINT_H 1
| #define HAVE_SYS_SOCKET_H 1
| #define HAVE_SYS_STAT_H 1
| #define HAVE_SYS_TIME_H 1
| #define HAVE_DECL_STRERROR_R 1
| #define HAVE_STRERROR_R 1
| #define MALLOC_0_IS_NONNULL 1
| #define HAVE_UNSIGNED_LONG_LONG_INT 1
| #define HAVE_LONG_LONG_INT 1
| #define INSTALLPREFIX "/Users/vaw1/latte"
| #define HAVE_DECL_SETENV 1
| #define HAVE__BOOL 1
| #define HAVE_WCHAR_T 1
| #define REPLACE_STRERROR_0 1
| #define restrict __restrict__
| #define HAVE_RAW_DECL_FFSL 1
| #define HAVE_RAW_DECL_FFSLL 1
| #define HAVE_RAW_DECL_MEMMEM 1
| #define HAVE_RAW_DECL_STPCPY 1
| #define HAVE_RAW_DECL_STPNCPY 1
| #define HAVE_RAW_DECL_STRDUP 1
| #define HAVE_RAW_DECL_STRNCAT 1
| #define HAVE_RAW_DECL_STRNDUP 1
| #define HAVE_RAW_DECL_STRNLEN 1
| #define HAVE_RAW_DECL_STRPBRK 1
| #define HAVE_RAW_DECL_STRSEP 1
| #define HAVE_RAW_DECL_STRCASESTR 1
| #define HAVE_RAW_DECL_STRTOK_R 1
| #define HAVE_RAW_DECL_STRERROR_R 1
| #define HAVE_RAW_DECL_STRSIGNAL 1
| #define HAVE_ALLOCA 1
| #define GNULIB_CANONICALIZE_LGPL 1
| #define GNULIB_TEST_CANONICALIZE_FILE_NAME 1
| #define GNULIB_TEST_REALPATH 1
| #define GNULIB_TEST_ENVIRON 1
| #define GNULIB_TEST_LSTAT 1
| #define HAVE_DECL_PROGRAM_INVOCATION_NAME 0
| #define HAVE_DECL_PROGRAM_INVOCATION_SHORT_NAME 0
| #define READLINK_TRAILING_SLASH_BUG 1
| #define GNULIB_TEST_READLINK 1
| #define HAVE_SEARCH_H 1
| #define HAVE_TSEARCH 1
| #define REPLACE_FUNC_STAT_FILE 1
| #define GNULIB_TEST_STAT 1
| #define HAVE_RAW_DECL__EXIT 1
| #define HAVE_RAW_DECL_ATOLL 1
| #define HAVE_RAW_DECL_GETLOADAVG 1
| #define HAVE_RAW_DECL_GETSUBOPT 1
| #define HAVE_RAW_DECL_GRANTPT 1
| #define HAVE_RAW_DECL_INITSTATE 1
| /* end confdefs.h.  */
| #include <stdlib.h>
| #if HAVE_SYS_LOADAVG_H
| # include <sys/loadavg.h>
| #endif
| #if HAVE_RANDOM_H
| # include <random.h>
| #endif
| 
| int
| main (void)
| {
| #undef mkdtemp
|   (void) mkdtemp;
|   ;
|   return 0;
| }
configure:26288: result: no
configure:26252: checking whether mkostemp is declared without a macro
configure:26277: gcc -c -g -O2  conftest.c >&5
conftest.c:102:10: error: use of undeclared identifier 'mkostemp'
  (void) mkostemp;
         ^
1 error generated.
configure:26277: $? = 1
configure: failed program was:
| /* confdefs.h */
| #define PACKAGE_NAME "latte-int"
| #define PACKAGE_TARNAME "latte-int"
| #define PACKAGE_VERSION "1.7.6"
| #define PACKAGE_STRING "latte-int 1.7.6"
| #define PACKAGE_BUGREPORT ""
| #define PACKAGE_URL ""
| #define PACKAGE "latte-int"
| #define VERSION "1.7.6"
| #define HAVE_STDIO_H 1
| #define HAVE_STDLIB_H 1
| #define HAVE_STRING_H 1
| #define HAVE_INTTYPES_H 1
| #define HAVE_STDINT_H 1
| #define HAVE_STRINGS_H 1
| #define HAVE_SYS_STAT_H 1
| #define HAVE_SYS_TYPES_H 1
| #define HAVE_UNISTD_H 1
| #define STDC_HEADERS 1
| #define __EXTENSIONS__ 1
| #define _ALL_SOURCE 1
| #define _DARWIN_C_SOURCE 1
| #define _GNU_SOURCE 1
| #define _POSIX_PTHREAD_SEMANTICS 1
| #define _TANDEM_SOURCE 1
| #define HAVE_DLFCN_H 1
| #define LT_OBJDIR ".libs/"
| #define HAVE_ALLOCA_H 1
| #define HAVE_ALLOCA 1
| #define HAVE_GETCWD 1
| #define HAVE_READLINK 1
| #define HAVE_REALPATH 1
| #define HAVE_READLINKAT 1
| #define HAVE_LSTAT 1
| #define HAVE_SETENV 1
| #define HAVE_SYS_PARAM_H 1
| #define HAVE_UNISTD_H 1
| #define HAVE_WCHAR_H 1
| #define HAVE_STDINT_H 1
| #define HAVE_SYS_SOCKET_H 1
| #define HAVE_SYS_STAT_H 1
| #define HAVE_SYS_TIME_H 1
| #define HAVE_DECL_STRERROR_R 1
| #define HAVE_STRERROR_R 1
| #define MALLOC_0_IS_NONNULL 1
| #define HAVE_UNSIGNED_LONG_LONG_INT 1
| #define HAVE_LONG_LONG_INT 1
| #define INSTALLPREFIX "/Users/vaw1/latte"
| #define HAVE_DECL_SETENV 1
| #define HAVE__BOOL 1
| #define HAVE_WCHAR_T 1
| #define REPLACE_STRERROR_0 1
| #define restrict __restrict__
| #define HAVE_RAW_DECL_FFSL 1
| #define HAVE_RAW_DECL_FFSLL 1
| #define HAVE_RAW_DECL_MEMMEM 1
| #define HAVE_RAW_DECL_STPCPY 1
| #define HAVE_RAW_DECL_STPNCPY 1
| #define HAVE_RAW_DECL_STRDUP 1
| #define HAVE_RAW_DECL_STRNCAT 1
| #define HAVE_RAW_DECL_STRNDUP 1
| #define HAVE_RAW_DECL_STRNLEN 1
| #define HAVE_RAW_DECL_STRPBRK 1
| #define HAVE_RAW_DECL_STRSEP 1
| #define HAVE_RAW_DECL_STRCASESTR 1
| #define HAVE_RAW_DECL_STRTOK_R 1
| #define HAVE_RAW_DECL_STRERROR_R 1
| #define HAVE_RAW_DECL_STRSIGNAL 1
| #define HAVE_ALLOCA 1
| #define GNULIB_CANONICALIZE_LGPL 1
| #define GNULIB_TEST_CANONICALIZE_FILE_NAME 1
| #define GNULIB_TEST_REALPATH 1
| #define GNULIB_TEST_ENVIRON 1
| #define GNULIB_TEST_LSTAT 1
| #define HAVE_DECL_PROGRAM_INVOCATION_NAME 0
| #define HAVE_DECL_PROGRAM_INVOCATION_SHORT_NAME 0
| #define READLINK_TRAILING_SLASH_BUG 1
| #define GNULIB_TEST_READLINK 1
| #define HAVE_SEARCH_H 1
| #define HAVE_TSEARCH 1
| #define REPLACE_FUNC_STAT_FILE 1
| #define GNULIB_TEST_STAT 1
| #define HAVE_RAW_DECL__EXIT 1
| #define HAVE_RAW_DECL_ATOLL 1
| #define HAVE_RAW_DECL_GETLOADAVG 1
| #define HAVE_RAW_DECL_GETSUBOPT 1
| #define HAVE_RAW_DECL_GRANTPT 1
| #define HAVE_RAW_DECL_INITSTATE 1
| /* end confdefs.h.  */
| #include <stdlib.h>
| #if HAVE_SYS_LOADAVG_H
| # include <sys/loadavg.h>
| #endif
| #if HAVE_RANDOM_H
| # include <random.h>
| #endif
| 
| int
| main (void)
| {
| #undef mkostemp
|   (void) mkostemp;
|   ;
|   return 0;
| }
configure:26288: result: no
configure:26252: checking whether mkostemps is declared without a macro
configure:26277: gcc -c -g -O2  conftest.c >&5
conftest.c:102:10: error: use of undeclared identifier 'mkostemps'
  (void) mkostemps;
         ^
1 error generated.
configure:26277: $? = 1
configure: failed program was:
| /* confdefs.h */
| #define PACKAGE_NAME "latte-int"
| #define PACKAGE_TARNAME "latte-int"
| #define PACKAGE_VERSION "1.7.6"
| #define PACKAGE_STRING "latte-int 1.7.6"
| #define PACKAGE_BUGREPORT ""
| #define PACKAGE_URL ""
| #define PACKAGE "latte-int"
| #define VERSION "1.7.6"
| #define HAVE_STDIO_H 1
| #define HAVE_STDLIB_H 1
| #define HAVE_STRING_H 1
| #define HAVE_INTTYPES_H 1
| #define HAVE_STDINT_H 1
| #define HAVE_STRINGS_H 1
| #define HAVE_SYS_STAT_H 1
| #define HAVE_SYS_TYPES_H 1
| #define HAVE_UNISTD_H 1
| #define STDC_HEADERS 1
| #define __EXTENSIONS__ 1
| #define _ALL_SOURCE 1
| #define _DARWIN_C_SOURCE 1
| #define _GNU_SOURCE 1
| #define _POSIX_PTHREAD_SEMANTICS 1
| #define _TANDEM_SOURCE 1
| #define HAVE_DLFCN_H 1
| #define LT_OBJDIR ".libs/"
| #define HAVE_ALLOCA_H 1
| #define HAVE_ALLOCA 1
| #define HAVE_GETCWD 1
| #define HAVE_READLINK 1
| #define HAVE_REALPATH 1
| #define HAVE_READLINKAT 1
| #define HAVE_LSTAT 1
| #define HAVE_SETENV 1
| #define HAVE_SYS_PARAM_H 1
| #define HAVE_UNISTD_H 1
| #define HAVE_WCHAR_H 1
| #define HAVE_STDINT_H 1
| #define HAVE_SYS_SOCKET_H 1
| #define HAVE_SYS_STAT_H 1
| #define HAVE_SYS_TIME_H 1
| #define HAVE_DECL_STRERROR_R 1
| #define HAVE_STRERROR_R 1
| #define MALLOC_0_IS_NONNULL 1
| #define HAVE_UNSIGNED_LONG_LONG_INT 1
| #define HAVE_LONG_LONG_INT 1
| #define INSTALLPREFIX "/Users/vaw1/latte"
| #define HAVE_DECL_SETENV 1
| #define HAVE__BOOL 1
| #define HAVE_WCHAR_T 1
| #define REPLACE_STRERROR_0 1
| #define restrict __restrict__
| #define HAVE_RAW_DECL_FFSL 1
| #define HAVE_RAW_DECL_FFSLL 1
| #define HAVE_RAW_DECL_MEMMEM 1
| #define HAVE_RAW_DECL_STPCPY 1
| #define HAVE_RAW_DECL_STPNCPY 1
| #define HAVE_RAW_DECL_STRDUP 1
| #define HAVE_RAW_DECL_STRNCAT 1
| #define HAVE_RAW_DECL_STRNDUP 1
| #define HAVE_RAW_DECL_STRNLEN 1
| #define HAVE_RAW_DECL_STRPBRK 1
| #define HAVE_RAW_DECL_STRSEP 1
| #define HAVE_RAW_DECL_STRCASESTR 1
| #define HAVE_RAW_DECL_STRTOK_R 1
| #define HAVE_RAW_DECL_STRERROR_R 1
| #define HAVE_RAW_DECL_STRSIGNAL 1
| #define HAVE_ALLOCA 1
| #define GNULIB_CANONICALIZE_LGPL 1
| #define GNULIB_TEST_CANONICALIZE_FILE_NAME 1
| #define GNULIB_TEST_REALPATH 1
| #define GNULIB_TEST_ENVIRON 1
| #define GNULIB_TEST_LSTAT 1
| #define HAVE_DECL_PROGRAM_INVOCATION_NAME 0
| #define HAVE_DECL_PROGRAM_INVOCATION_SHORT_NAME 0
| #define READLINK_TRAILING_SLASH_BUG 1
| #define GNULIB_TEST_READLINK 1
| #define HAVE_SEARCH_H 1
| #define HAVE_TSEARCH 1
| #define REPLACE_FUNC_STAT_FILE 1
| #define GNULIB_TEST_STAT 1
| #define HAVE_RAW_DECL__EXIT 1
| #define HAVE_RAW_DECL_ATOLL 1
| #define HAVE_RAW_DECL_GETLOADAVG 1
| #define HAVE_RAW_DECL_GETSUBOPT 1
| #define HAVE_RAW_DECL_GRANTPT 1
| #define HAVE_RAW_DECL_INITSTATE 1
| /* end confdefs.h.  */
| #include <stdlib.h>
| #if HAVE_SYS_LOADAVG_H
| # include <sys/loadavg.h>
| #endif
| #if HAVE_RANDOM_H
| # include <random.h>
| #endif
| 
| int
| main (void)
| {
| #undef mkostemps
|   (void) mkostemps;
|   ;
|   return 0;
| }
configure:26288: result: no
configure:26252: checking whether mkstemp is declared without a macro
configure:26277: gcc -c -g -O2  conftest.c >&5
configure:26277: $? = 0
configure:26288: result: yes
configure:26252: checking whether mkstemps is declared without a macro
configure:26277: gcc -c -g -O2  conftest.c >&5
conftest.c:103:10: error: use of undeclared identifier 'mkstemps'
  (void) mkstemps;
         ^
1 error generated.
configure:26277: $? = 1
configure: failed program was:
| /* confdefs.h */
| #define PACKAGE_NAME "latte-int"
| #define PACKAGE_TARNAME "latte-int"
| #define PACKAGE_VERSION "1.7.6"
| #define PACKAGE_STRING "latte-int 1.7.6"
| #define PACKAGE_BUGREPORT ""
| #define PACKAGE_URL ""
| #define PACKAGE "latte-int"
| #define VERSION "1.7.6"
| #define HAVE_STDIO_H 1
| #define HAVE_STDLIB_H 1
| #define HAVE_STRING_H 1
| #define HAVE_INTTYPES_H 1
| #define HAVE_STDINT_H 1
| #define HAVE_STRINGS_H 1
| #define HAVE_SYS_STAT_H 1
| #define HAVE_SYS_TYPES_H 1
| #define HAVE_UNISTD_H 1
| #define STDC_HEADERS 1
| #define __EXTENSIONS__ 1
| #define _ALL_SOURCE 1
| #define _DARWIN_C_SOURCE 1
| #define _GNU_SOURCE 1
| #define _POSIX_PTHREAD_SEMANTICS 1
| #define _TANDEM_SOURCE 1
| #define HAVE_DLFCN_H 1
| #define LT_OBJDIR ".libs/"
| #define HAVE_ALLOCA_H 1
| #define HAVE_ALLOCA 1
| #define HAVE_GETCWD 1
| #define HAVE_READLINK 1
| #define HAVE_REALPATH 1
| #define HAVE_READLINKAT 1
| #define HAVE_LSTAT 1
| #define HAVE_SETENV 1
| #define HAVE_SYS_PARAM_H 1
| #define HAVE_UNISTD_H 1
| #define HAVE_WCHAR_H 1
| #define HAVE_STDINT_H 1
| #define HAVE_SYS_SOCKET_H 1
| #define HAVE_SYS_STAT_H 1
| #define HAVE_SYS_TIME_H 1
| #define HAVE_DECL_STRERROR_R 1
| #define HAVE_STRERROR_R 1
| #define MALLOC_0_IS_NONNULL 1
| #define HAVE_UNSIGNED_LONG_LONG_INT 1
| #define HAVE_LONG_LONG_INT 1
| #define INSTALLPREFIX "/Users/vaw1/latte"
| #define HAVE_DECL_SETENV 1
| #define HAVE__BOOL 1
| #define HAVE_WCHAR_T 1
| #define REPLACE_STRERROR_0 1
| #define restrict __restrict__
| #define HAVE_RAW_DECL_FFSL 1
| #define HAVE_RAW_DECL_FFSLL 1
| #define HAVE_RAW_DECL_MEMMEM 1
| #define HAVE_RAW_DECL_STPCPY 1
| #define HAVE_RAW_DECL_STPNCPY 1
| #define HAVE_RAW_DECL_STRDUP 1
| #define HAVE_RAW_DECL_STRNCAT 1
| #define HAVE_RAW_DECL_STRNDUP 1
| #define HAVE_RAW_DECL_STRNLEN 1
| #define HAVE_RAW_DECL_STRPBRK 1
| #define HAVE_RAW_DECL_STRSEP 1
| #define HAVE_RAW_DECL_STRCASESTR 1
| #define HAVE_RAW_DECL_STRTOK_R 1
| #define HAVE_RAW_DECL_STRERROR_R 1
| #define HAVE_RAW_DECL_STRSIGNAL 1
| #define HAVE_ALLOCA 1
| #define GNULIB_CANONICALIZE_LGPL 1
| #define GNULIB_TEST_CANONICALIZE_FILE_NAME 1
| #define GNULIB_TEST_REALPATH 1
| #define GNULIB_TEST_ENVIRON 1
| #define GNULIB_TEST_LSTAT 1
| #define HAVE_DECL_PROGRAM_INVOCATION_NAME 0
| #define HAVE_DECL_PROGRAM_INVOCATION_SHORT_NAME 0
| #define READLINK_TRAILING_SLASH_BUG 1
| #define GNULIB_TEST_READLINK 1
| #define HAVE_SEARCH_H 1
| #define HAVE_TSEARCH 1
| #define REPLACE_FUNC_STAT_FILE 1
| #define GNULIB_TEST_STAT 1
| #define HAVE_RAW_DECL__EXIT 1
| #define HAVE_RAW_DECL_ATOLL 1
| #define HAVE_RAW_DECL_GETLOADAVG 1
| #define HAVE_RAW_DECL_GETSUBOPT 1
| #define HAVE_RAW_DECL_GRANTPT 1
| #define HAVE_RAW_DECL_INITSTATE 1
| #define HAVE_RAW_DECL_MKSTEMP 1
| /* end confdefs.h.  */
| #include <stdlib.h>
| #if HAVE_SYS_LOADAVG_H
| # include <sys/loadavg.h>
| #endif
| #if HAVE_RANDOM_H
| # include <random.h>
| #endif
| 
| int
| main (void)
| {
| #undef mkstemps
|   (void) mkstemps;
|   ;
|   return 0;
| }
configure:26288: result: no
configure:26252: checking whether posix_openpt is declared without a macro
configure:26277: gcc -c -g -O2  conftest.c >&5
configure:26277: $? = 0
configure:26288: result: yes
configure:26252: checking whether ptsname is declared without a macro
configure:26277: gcc -c -g -O2  conftest.c >&5
configure:26277: $? = 0
configure:26288: result: yes
configure:26252: checking whether ptsname_r is declared without a macro
configure:26277: gcc -c -g -O2  conftest.c >&5
configure:26277: $? = 0
configure:26288: result: yes
configure:26252: checking whether random is declared without a macro
configure:26277: gcc -c -g -O2  conftest.c >&5
configure:26277: $? = 0
configure:26288: result: yes
configure:26252: checking whether random_r is declared without a macro
configure:26277: gcc -c -g -O2  conftest.c >&5
conftest.c:107:10: error: use of undeclared identifier 'random_r'
  (void) random_r;
         ^
1 error generated.
configure:26277: $? = 1
configure: failed program was:
| /* confdefs.h */
| #define PACKAGE_NAME "latte-int"
| #define PACKAGE_TARNAME "latte-int"
| #define PACKAGE_VERSION "1.7.6"
| #define PACKAGE_STRING "latte-int 1.7.6"
| #define PACKAGE_BUGREPORT ""
| #define PACKAGE_URL ""
| #define PACKAGE "latte-int"
| #define VERSION "1.7.6"
| #define HAVE_STDIO_H 1
| #define HAVE_STDLIB_H 1
| #define HAVE_STRING_H 1
| #define HAVE_INTTYPES_H 1
| #define HAVE_STDINT_H 1
| #define HAVE_STRINGS_H 1
| #define HAVE_SYS_STAT_H 1
| #define HAVE_SYS_TYPES_H 1
| #define HAVE_UNISTD_H 1
| #define STDC_HEADERS 1
| #define __EXTENSIONS__ 1
| #define _ALL_SOURCE 1
| #define _DARWIN_C_SOURCE 1
| #define _GNU_SOURCE 1
| #define _POSIX_PTHREAD_SEMANTICS 1
| #define _TANDEM_SOURCE 1
| #define HAVE_DLFCN_H 1
| #define LT_OBJDIR ".libs/"
| #define HAVE_ALLOCA_H 1
| #define HAVE_ALLOCA 1
| #define HAVE_GETCWD 1
| #define HAVE_READLINK 1
| #define HAVE_REALPATH 1
| #define HAVE_READLINKAT 1
| #define HAVE_LSTAT 1
| #define HAVE_SETENV 1
| #define HAVE_SYS_PARAM_H 1
| #define HAVE_UNISTD_H 1
| #define HAVE_WCHAR_H 1
| #define HAVE_STDINT_H 1
| #define HAVE_SYS_SOCKET_H 1
| #define HAVE_SYS_STAT_H 1
| #define HAVE_SYS_TIME_H 1
| #define HAVE_DECL_STRERROR_R 1
| #define HAVE_STRERROR_R 1
| #define MALLOC_0_IS_NONNULL 1
| #define HAVE_UNSIGNED_LONG_LONG_INT 1
| #define HAVE_LONG_LONG_INT 1
| #define INSTALLPREFIX "/Users/vaw1/latte"
| #define HAVE_DECL_SETENV 1
| #define HAVE__BOOL 1
| #define HAVE_WCHAR_T 1
| #define REPLACE_STRERROR_0 1
| #define restrict __restrict__
| #define HAVE_RAW_DECL_FFSL 1
| #define HAVE_RAW_DECL_FFSLL 1
| #define HAVE_RAW_DECL_MEMMEM 1
| #define HAVE_RAW_DECL_STPCPY 1
| #define HAVE_RAW_DECL_STPNCPY 1
| #define HAVE_RAW_DECL_STRDUP 1
| #define HAVE_RAW_DECL_STRNCAT 1
| #define HAVE_RAW_DECL_STRNDUP 1
| #define HAVE_RAW_DECL_STRNLEN 1
| #define HAVE_RAW_DECL_STRPBRK 1
| #define HAVE_RAW_DECL_STRSEP 1
| #define HAVE_RAW_DECL_STRCASESTR 1
| #define HAVE_RAW_DECL_STRTOK_R 1
| #define HAVE_RAW_DECL_STRERROR_R 1
| #define HAVE_RAW_DECL_STRSIGNAL 1
| #define HAVE_ALLOCA 1
| #define GNULIB_CANONICALIZE_LGPL 1
| #define GNULIB_TEST_CANONICALIZE_FILE_NAME 1
| #define GNULIB_TEST_REALPATH 1
| #define GNULIB_TEST_ENVIRON 1
| #define GNULIB_TEST_LSTAT 1
| #define HAVE_DECL_PROGRAM_INVOCATION_NAME 0
| #define HAVE_DECL_PROGRAM_INVOCATION_SHORT_NAME 0
| #define READLINK_TRAILING_SLASH_BUG 1
| #define GNULIB_TEST_READLINK 1
| #define HAVE_SEARCH_H 1
| #define HAVE_TSEARCH 1
| #define REPLACE_FUNC_STAT_FILE 1
| #define GNULIB_TEST_STAT 1
| #define HAVE_RAW_DECL__EXIT 1
| #define HAVE_RAW_DECL_ATOLL 1
| #define HAVE_RAW_DECL_GETLOADAVG 1
| #define HAVE_RAW_DECL_GETSUBOPT 1
| #define HAVE_RAW_DECL_GRANTPT 1
| #define HAVE_RAW_DECL_INITSTATE 1
| #define HAVE_RAW_DECL_MKSTEMP 1
| #define HAVE_RAW_DECL_POSIX_OPENPT 1
| #define HAVE_RAW_DECL_PTSNAME 1
| #define HAVE_RAW_DECL_PTSNAME_R 1
| #define HAVE_RAW_DECL_RANDOM 1
| /* end confdefs.h.  */
| #include <stdlib.h>
| #if HAVE_SYS_LOADAVG_H
| # include <sys/loadavg.h>
| #endif
| #if HAVE_RANDOM_H
| # include <random.h>
| #endif
| 
| int
| main (void)
| {
| #undef random_r
|   (void) random_r;
|   ;
|   return 0;
| }
configure:26288: result: no
configure:26252: checking whether realpath is declared without a macro
configure:26277: gcc -c -g -O2  conftest.c >&5
configure:26277: $? = 0
configure:26288: result: yes
configure:26252: checking whether rpmatch is declared without a macro
configure:26277: gcc -c -g -O2  conftest.c >&5
configure:26277: $? = 0
configure:26288: result: yes
configure:26252: checking whether secure_getenv is declared without a macro
configure:26277: gcc -c -g -O2  conftest.c >&5
conftest.c:109:10: error: use of undeclared identifier 'secure_getenv'
  (void) secure_getenv;
         ^
1 error generated.
configure:26277: $? = 1
configure: failed program was:
| /* confdefs.h */
| #define PACKAGE_NAME "latte-int"
| #define PACKAGE_TARNAME "latte-int"
| #define PACKAGE_VERSION "1.7.6"
| #define PACKAGE_STRING "latte-int 1.7.6"
| #define PACKAGE_BUGREPORT ""
| #define PACKAGE_URL ""
| #define PACKAGE "latte-int"
| #define VERSION "1.7.6"
| #define HAVE_STDIO_H 1
| #define HAVE_STDLIB_H 1
| #define HAVE_STRING_H 1
| #define HAVE_INTTYPES_H 1
| #define HAVE_STDINT_H 1
| #define HAVE_STRINGS_H 1
| #define HAVE_SYS_STAT_H 1
| #define HAVE_SYS_TYPES_H 1
| #define HAVE_UNISTD_H 1
| #define STDC_HEADERS 1
| #define __EXTENSIONS__ 1
| #define _ALL_SOURCE 1
| #define _DARWIN_C_SOURCE 1
| #define _GNU_SOURCE 1
| #define _POSIX_PTHREAD_SEMANTICS 1
| #define _TANDEM_SOURCE 1
| #define HAVE_DLFCN_H 1
| #define LT_OBJDIR ".libs/"
| #define HAVE_ALLOCA_H 1
| #define HAVE_ALLOCA 1
| #define HAVE_GETCWD 1
| #define HAVE_READLINK 1
| #define HAVE_REALPATH 1
| #define HAVE_READLINKAT 1
| #define HAVE_LSTAT 1
| #define HAVE_SETENV 1
| #define HAVE_SYS_PARAM_H 1
| #define HAVE_UNISTD_H 1
| #define HAVE_WCHAR_H 1
| #define HAVE_STDINT_H 1
| #define HAVE_SYS_SOCKET_H 1
| #define HAVE_SYS_STAT_H 1
| #define HAVE_SYS_TIME_H 1
| #define HAVE_DECL_STRERROR_R 1
| #define HAVE_STRERROR_R 1
| #define MALLOC_0_IS_NONNULL 1
| #define HAVE_UNSIGNED_LONG_LONG_INT 1
| #define HAVE_LONG_LONG_INT 1
| #define INSTALLPREFIX "/Users/vaw1/latte"
| #define HAVE_DECL_SETENV 1
| #define HAVE__BOOL 1
| #define HAVE_WCHAR_T 1
| #define REPLACE_STRERROR_0 1
| #define restrict __restrict__
| #define HAVE_RAW_DECL_FFSL 1
| #define HAVE_RAW_DECL_FFSLL 1
| #define HAVE_RAW_DECL_MEMMEM 1
| #define HAVE_RAW_DECL_STPCPY 1
| #define HAVE_RAW_DECL_STPNCPY 1
| #define HAVE_RAW_DECL_STRDUP 1
| #define HAVE_RAW_DECL_STRNCAT 1
| #define HAVE_RAW_DECL_STRNDUP 1
| #define HAVE_RAW_DECL_STRNLEN 1
| #define HAVE_RAW_DECL_STRPBRK 1
| #define HAVE_RAW_DECL_STRSEP 1
| #define HAVE_RAW_DECL_STRCASESTR 1
| #define HAVE_RAW_DECL_STRTOK_R 1
| #define HAVE_RAW_DECL_STRERROR_R 1
| #define HAVE_RAW_DECL_STRSIGNAL 1
| #define HAVE_ALLOCA 1
| #define GNULIB_CANONICALIZE_LGPL 1
| #define GNULIB_TEST_CANONICALIZE_FILE_NAME 1
| #define GNULIB_TEST_REALPATH 1
| #define GNULIB_TEST_ENVIRON 1
| #define GNULIB_TEST_LSTAT 1
| #define HAVE_DECL_PROGRAM_INVOCATION_NAME 0
| #define HAVE_DECL_PROGRAM_INVOCATION_SHORT_NAME 0
| #define READLINK_TRAILING_SLASH_BUG 1
| #define GNULIB_TEST_READLINK 1
| #define HAVE_SEARCH_H 1
| #define HAVE_TSEARCH 1
| #define REPLACE_FUNC_STAT_FILE 1
| #define GNULIB_TEST_STAT 1
| #define HAVE_RAW_DECL__EXIT 1
| #define HAVE_RAW_DECL_ATOLL 1
| #define HAVE_RAW_DECL_GETLOADAVG 1
| #define HAVE_RAW_DECL_GETSUBOPT 1
| #define HAVE_RAW_DECL_GRANTPT 1
| #define HAVE_RAW_DECL_INITSTATE 1
| #define HAVE_RAW_DECL_MKSTEMP 1
| #define HAVE_RAW_DECL_POSIX_OPENPT 1
| #define HAVE_RAW_DECL_PTSNAME 1
| #define HAVE_RAW_DECL_PTSNAME_R 1
| #define HAVE_RAW_DECL_RANDOM 1
| #define HAVE_RAW_DECL_REALPATH 1
| #define HAVE_RAW_DECL_RPMATCH 1
| /* end confdefs.h.  */
| #include <stdlib.h>
| #if HAVE_SYS_LOADAVG_H
| # include <sys/loadavg.h>
| #endif
| #if HAVE_RANDOM_H
| # include <random.h>
| #endif
| 
| int
| main (void)
| {
| #undef secure_getenv
|   (void) secure_getenv;
|   ;
|   return 0;
| }
configure:26288: result: no
configure:26252: checking whether setenv is declared without a macro
configure:26277: gcc -c -g -O2  conftest.c >&5
configure:26277: $? = 0
configure:26288: result: yes
configure:26252: checking whether setstate is declared without a macro
configure:26277: gcc -c -g -O2  conftest.c >&5
configure:26277: $? = 0
configure:26288: result: yes
configure:26252: checking whether setstate_r is declared without a macro
configure:26277: gcc -c -g -O2  conftest.c >&5
conftest.c:111:10: error: use of undeclared identifier 'setstate_r'
  (void) setstate_r;
         ^
1 error generated.
configure:26277: $? = 1
configure: failed program was:
| /* confdefs.h */
| #define PACKAGE_NAME "latte-int"
| #define PACKAGE_TARNAME "latte-int"
| #define PACKAGE_VERSION "1.7.6"
| #define PACKAGE_STRING "latte-int 1.7.6"
| #define PACKAGE_BUGREPORT ""
| #define PACKAGE_URL ""
| #define PACKAGE "latte-int"
| #define VERSION "1.7.6"
| #define HAVE_STDIO_H 1
| #define HAVE_STDLIB_H 1
| #define HAVE_STRING_H 1
| #define HAVE_INTTYPES_H 1
| #define HAVE_STDINT_H 1
| #define HAVE_STRINGS_H 1
| #define HAVE_SYS_STAT_H 1
| #define HAVE_SYS_TYPES_H 1
| #define HAVE_UNISTD_H 1
| #define STDC_HEADERS 1
| #define __EXTENSIONS__ 1
| #define _ALL_SOURCE 1
| #define _DARWIN_C_SOURCE 1
| #define _GNU_SOURCE 1
| #define _POSIX_PTHREAD_SEMANTICS 1
| #define _TANDEM_SOURCE 1
| #define HAVE_DLFCN_H 1
| #define LT_OBJDIR ".libs/"
| #define HAVE_ALLOCA_H 1
| #define HAVE_ALLOCA 1
| #define HAVE_GETCWD 1
| #define HAVE_READLINK 1
| #define HAVE_REALPATH 1
| #define HAVE_READLINKAT 1
| #define HAVE_LSTAT 1
| #define HAVE_SETENV 1
| #define HAVE_SYS_PARAM_H 1
| #define HAVE_UNISTD_H 1
| #define HAVE_WCHAR_H 1
| #define HAVE_STDINT_H 1
| #define HAVE_SYS_SOCKET_H 1
| #define HAVE_SYS_STAT_H 1
| #define HAVE_SYS_TIME_H 1
| #define HAVE_DECL_STRERROR_R 1
| #define HAVE_STRERROR_R 1
| #define MALLOC_0_IS_NONNULL 1
| #define HAVE_UNSIGNED_LONG_LONG_INT 1
| #define HAVE_LONG_LONG_INT 1
| #define INSTALLPREFIX "/Users/vaw1/latte"
| #define HAVE_DECL_SETENV 1
| #define HAVE__BOOL 1
| #define HAVE_WCHAR_T 1
| #define REPLACE_STRERROR_0 1
| #define restrict __restrict__
| #define HAVE_RAW_DECL_FFSL 1
| #define HAVE_RAW_DECL_FFSLL 1
| #define HAVE_RAW_DECL_MEMMEM 1
| #define HAVE_RAW_DECL_STPCPY 1
| #define HAVE_RAW_DECL_STPNCPY 1
| #define HAVE_RAW_DECL_STRDUP 1
| #define HAVE_RAW_DECL_STRNCAT 1
| #define HAVE_RAW_DECL_STRNDUP 1
| #define HAVE_RAW_DECL_STRNLEN 1
| #define HAVE_RAW_DECL_STRPBRK 1
| #define HAVE_RAW_DECL_STRSEP 1
| #define HAVE_RAW_DECL_STRCASESTR 1
| #define HAVE_RAW_DECL_STRTOK_R 1
| #define HAVE_RAW_DECL_STRERROR_R 1
| #define HAVE_RAW_DECL_STRSIGNAL 1
| #define HAVE_ALLOCA 1
| #define GNULIB_CANONICALIZE_LGPL 1
| #define GNULIB_TEST_CANONICALIZE_FILE_NAME 1
| #define GNULIB_TEST_REALPATH 1
| #define GNULIB_TEST_ENVIRON 1
| #define GNULIB_TEST_LSTAT 1
| #define HAVE_DECL_PROGRAM_INVOCATION_NAME 0
| #define HAVE_DECL_PROGRAM_INVOCATION_SHORT_NAME 0
| #define READLINK_TRAILING_SLASH_BUG 1
| #define GNULIB_TEST_READLINK 1
| #define HAVE_SEARCH_H 1
| #define HAVE_TSEARCH 1
| #define REPLACE_FUNC_STAT_FILE 1
| #define GNULIB_TEST_STAT 1
| #define HAVE_RAW_DECL__EXIT 1
| #define HAVE_RAW_DECL_ATOLL 1
| #define HAVE_RAW_DECL_GETLOADAVG 1
| #define HAVE_RAW_DECL_GETSUBOPT 1
| #define HAVE_RAW_DECL_GRANTPT 1
| #define HAVE_RAW_DECL_INITSTATE 1
| #define HAVE_RAW_DECL_MKSTEMP 1
| #define HAVE_RAW_DECL_POSIX_OPENPT 1
| #define HAVE_RAW_DECL_PTSNAME 1
| #define HAVE_RAW_DECL_PTSNAME_R 1
| #define HAVE_RAW_DECL_RANDOM 1
| #define HAVE_RAW_DECL_REALPATH 1
| #define HAVE_RAW_DECL_RPMATCH 1
| #define HAVE_RAW_DECL_SETENV 1
| #define HAVE_RAW_DECL_SETSTATE 1
| /* end confdefs.h.  */
| #include <stdlib.h>
| #if HAVE_SYS_LOADAVG_H
| # include <sys/loadavg.h>
| #endif
| #if HAVE_RANDOM_H
| # include <random.h>
| #endif
| 
| int
| main (void)
| {
| #undef setstate_r
|   (void) setstate_r;
|   ;
|   return 0;
| }
configure:26288: result: no
configure:26252: checking whether srandom is declared without a macro
configure:26277: gcc -c -g -O2  conftest.c >&5
configure:26277: $? = 0
configure:26288: result: yes
configure:26252: checking whether srandom_r is declared without a macro
configure:26277: gcc -c -g -O2  conftest.c >&5
conftest.c:112:10: error: use of undeclared identifier 'srandom_r'
  (void) srandom_r;
         ^
1 error generated.
configure:26277: $? = 1
configure: failed program was:
| /* confdefs.h */
| #define PACKAGE_NAME "latte-int"
| #define PACKAGE_TARNAME "latte-int"
| #define PACKAGE_VERSION "1.7.6"
| #define PACKAGE_STRING "latte-int 1.7.6"
| #define PACKAGE_BUGREPORT ""
| #define PACKAGE_URL ""
| #define PACKAGE "latte-int"
| #define VERSION "1.7.6"
| #define HAVE_STDIO_H 1
| #define HAVE_STDLIB_H 1
| #define HAVE_STRING_H 1
| #define HAVE_INTTYPES_H 1
| #define HAVE_STDINT_H 1
| #define HAVE_STRINGS_H 1
| #define HAVE_SYS_STAT_H 1
| #define HAVE_SYS_TYPES_H 1
| #define HAVE_UNISTD_H 1
| #define STDC_HEADERS 1
| #define __EXTENSIONS__ 1
| #define _ALL_SOURCE 1
| #define _DARWIN_C_SOURCE 1
| #define _GNU_SOURCE 1
| #define _POSIX_PTHREAD_SEMANTICS 1
| #define _TANDEM_SOURCE 1
| #define HAVE_DLFCN_H 1
| #define LT_OBJDIR ".libs/"
| #define HAVE_ALLOCA_H 1
| #define HAVE_ALLOCA 1
| #define HAVE_GETCWD 1
| #define HAVE_READLINK 1
| #define HAVE_REALPATH 1
| #define HAVE_READLINKAT 1
| #define HAVE_LSTAT 1
| #define HAVE_SETENV 1
| #define HAVE_SYS_PARAM_H 1
| #define HAVE_UNISTD_H 1
| #define HAVE_WCHAR_H 1
| #define HAVE_STDINT_H 1
| #define HAVE_SYS_SOCKET_H 1
| #define HAVE_SYS_STAT_H 1
| #define HAVE_SYS_TIME_H 1
| #define HAVE_DECL_STRERROR_R 1
| #define HAVE_STRERROR_R 1
| #define MALLOC_0_IS_NONNULL 1
| #define HAVE_UNSIGNED_LONG_LONG_INT 1
| #define HAVE_LONG_LONG_INT 1
| #define INSTALLPREFIX "/Users/vaw1/latte"
| #define HAVE_DECL_SETENV 1
| #define HAVE__BOOL 1
| #define HAVE_WCHAR_T 1
| #define REPLACE_STRERROR_0 1
| #define restrict __restrict__
| #define HAVE_RAW_DECL_FFSL 1
| #define HAVE_RAW_DECL_FFSLL 1
| #define HAVE_RAW_DECL_MEMMEM 1
| #define HAVE_RAW_DECL_STPCPY 1
| #define HAVE_RAW_DECL_STPNCPY 1
| #define HAVE_RAW_DECL_STRDUP 1
| #define HAVE_RAW_DECL_STRNCAT 1
| #define HAVE_RAW_DECL_STRNDUP 1
| #define HAVE_RAW_DECL_STRNLEN 1
| #define HAVE_RAW_DECL_STRPBRK 1
| #define HAVE_RAW_DECL_STRSEP 1
| #define HAVE_RAW_DECL_STRCASESTR 1
| #define HAVE_RAW_DECL_STRTOK_R 1
| #define HAVE_RAW_DECL_STRERROR_R 1
| #define HAVE_RAW_DECL_STRSIGNAL 1
| #define HAVE_ALLOCA 1
| #define GNULIB_CANONICALIZE_LGPL 1
| #define GNULIB_TEST_CANONICALIZE_FILE_NAME 1
| #define GNULIB_TEST_REALPATH 1
| #define GNULIB_TEST_ENVIRON 1
| #define GNULIB_TEST_LSTAT 1
| #define HAVE_DECL_PROGRAM_INVOCATION_NAME 0
| #define HAVE_DECL_PROGRAM_INVOCATION_SHORT_NAME 0
| #define READLINK_TRAILING_SLASH_BUG 1
| #define GNULIB_TEST_READLINK 1
| #define HAVE_SEARCH_H 1
| #define HAVE_TSEARCH 1
| #define REPLACE_FUNC_STAT_FILE 1
| #define GNULIB_TEST_STAT 1
| #define HAVE_RAW_DECL__EXIT 1
| #define HAVE_RAW_DECL_ATOLL 1
| #define HAVE_RAW_DECL_GETLOADAVG 1
| #define HAVE_RAW_DECL_GETSUBOPT 1
| #define HAVE_RAW_DECL_GRANTPT 1
| #define HAVE_RAW_DECL_INITSTATE 1
| #define HAVE_RAW_DECL_MKSTEMP 1
| #define HAVE_RAW_DECL_POSIX_OPENPT 1
| #define HAVE_RAW_DECL_PTSNAME 1
| #define HAVE_RAW_DECL_PTSNAME_R 1
| #define HAVE_RAW_DECL_RANDOM 1
| #define HAVE_RAW_DECL_REALPATH 1
| #define HAVE_RAW_DECL_RPMATCH 1
| #define HAVE_RAW_DECL_SETENV 1
| #define HAVE_RAW_DECL_SETSTATE 1
| #define HAVE_RAW_DECL_SRANDOM 1
| /* end confdefs.h.  */
| #include <stdlib.h>
| #if HAVE_SYS_LOADAVG_H
| # include <sys/loadavg.h>
| #endif
| #if HAVE_RANDOM_H
| # include <random.h>
| #endif
| 
| int
| main (void)
| {
| #undef srandom_r
|   (void) srandom_r;
|   ;
|   return 0;
| }
configure:26288: result: no
configure:26252: checking whether strtod is declared without a macro
configure:26277: gcc -c -g -O2  conftest.c >&5
configure:26277: $? = 0
configure:26288: result: yes
configure:26252: checking whether strtoll is declared without a macro
configure:26277: gcc -c -g -O2  conftest.c >&5
configure:26277: $? = 0
configure:26288: result: yes
configure:26252: checking whether strtoull is declared without a macro
configure:26277: gcc -c -g -O2  conftest.c >&5
configure:26277: $? = 0
configure:26288: result: yes
configure:26252: checking whether unlockpt is declared without a macro
configure:26277: gcc -c -g -O2  conftest.c >&5
configure:26277: $? = 0
configure:26288: result: yes
configure:26252: checking whether unsetenv is declared without a macro
configure:26277: gcc -c -g -O2  conftest.c >&5
configure:26277: $? = 0
configure:26288: result: yes
configure:26540: checking for nlink_t
configure:26540: gcc -c -g -O2  conftest.c >&5
configure:26540: $? = 0
configure:26540: gcc -c -g -O2  conftest.c >&5
conftest.c:113:22: error: expected expression
if (sizeof ((nlink_t)))
                     ^
1 error generated.
configure:26540: $? = 1
configure: failed program was:
| /* confdefs.h */
| #define PACKAGE_NAME "latte-int"
| #define PACKAGE_TARNAME "latte-int"
| #define PACKAGE_VERSION "1.7.6"
| #define PACKAGE_STRING "latte-int 1.7.6"
| #define PACKAGE_BUGREPORT ""
| #define PACKAGE_URL ""
| #define PACKAGE "latte-int"
| #define VERSION "1.7.6"
| #define HAVE_STDIO_H 1
| #define HAVE_STDLIB_H 1
| #define HAVE_STRING_H 1
| #define HAVE_INTTYPES_H 1
| #define HAVE_STDINT_H 1
| #define HAVE_STRINGS_H 1
| #define HAVE_SYS_STAT_H 1
| #define HAVE_SYS_TYPES_H 1
| #define HAVE_UNISTD_H 1
| #define STDC_HEADERS 1
| #define __EXTENSIONS__ 1
| #define _ALL_SOURCE 1
| #define _DARWIN_C_SOURCE 1
| #define _GNU_SOURCE 1
| #define _POSIX_PTHREAD_SEMANTICS 1
| #define _TANDEM_SOURCE 1
| #define HAVE_DLFCN_H 1
| #define LT_OBJDIR ".libs/"
| #define HAVE_ALLOCA_H 1
| #define HAVE_ALLOCA 1
| #define HAVE_GETCWD 1
| #define HAVE_READLINK 1
| #define HAVE_REALPATH 1
| #define HAVE_READLINKAT 1
| #define HAVE_LSTAT 1
| #define HAVE_SETENV 1
| #define HAVE_SYS_PARAM_H 1
| #define HAVE_UNISTD_H 1
| #define HAVE_WCHAR_H 1
| #define HAVE_STDINT_H 1
| #define HAVE_SYS_SOCKET_H 1
| #define HAVE_SYS_STAT_H 1
| #define HAVE_SYS_TIME_H 1
| #define HAVE_DECL_STRERROR_R 1
| #define HAVE_STRERROR_R 1
| #define MALLOC_0_IS_NONNULL 1
| #define HAVE_UNSIGNED_LONG_LONG_INT 1
| #define HAVE_LONG_LONG_INT 1
| #define INSTALLPREFIX "/Users/vaw1/latte"
| #define HAVE_DECL_SETENV 1
| #define HAVE__BOOL 1
| #define HAVE_WCHAR_T 1
| #define REPLACE_STRERROR_0 1
| #define restrict __restrict__
| #define HAVE_RAW_DECL_FFSL 1
| #define HAVE_RAW_DECL_FFSLL 1
| #define HAVE_RAW_DECL_MEMMEM 1
| #define HAVE_RAW_DECL_STPCPY 1
| #define HAVE_RAW_DECL_STPNCPY 1
| #define HAVE_RAW_DECL_STRDUP 1
| #define HAVE_RAW_DECL_STRNCAT 1
| #define HAVE_RAW_DECL_STRNDUP 1
| #define HAVE_RAW_DECL_STRNLEN 1
| #define HAVE_RAW_DECL_STRPBRK 1
| #define HAVE_RAW_DECL_STRSEP 1
| #define HAVE_RAW_DECL_STRCASESTR 1
| #define HAVE_RAW_DECL_STRTOK_R 1
| #define HAVE_RAW_DECL_STRERROR_R 1
| #define HAVE_RAW_DECL_STRSIGNAL 1
| #define HAVE_ALLOCA 1
| #define GNULIB_CANONICALIZE_LGPL 1
| #define GNULIB_TEST_CANONICALIZE_FILE_NAME 1
| #define GNULIB_TEST_REALPATH 1
| #define GNULIB_TEST_ENVIRON 1
| #define GNULIB_TEST_LSTAT 1
| #define HAVE_DECL_PROGRAM_INVOCATION_NAME 0
| #define HAVE_DECL_PROGRAM_INVOCATION_SHORT_NAME 0
| #define READLINK_TRAILING_SLASH_BUG 1
| #define GNULIB_TEST_READLINK 1
| #define HAVE_SEARCH_H 1
| #define HAVE_TSEARCH 1
| #define REPLACE_FUNC_STAT_FILE 1
| #define GNULIB_TEST_STAT 1
| #define HAVE_RAW_DECL__EXIT 1
| #define HAVE_RAW_DECL_ATOLL 1
| #define HAVE_RAW_DECL_GETLOADAVG 1
| #define HAVE_RAW_DECL_GETSUBOPT 1
| #define HAVE_RAW_DECL_GRANTPT 1
| #define HAVE_RAW_DECL_INITSTATE 1
| #define HAVE_RAW_DECL_MKSTEMP 1
| #define HAVE_RAW_DECL_POSIX_OPENPT 1
| #define HAVE_RAW_DECL_PTSNAME 1
| #define HAVE_RAW_DECL_PTSNAME_R 1
| #define HAVE_RAW_DECL_RANDOM 1
| #define HAVE_RAW_DECL_REALPATH 1
| #define HAVE_RAW_DECL_RPMATCH 1
| #define HAVE_RAW_DECL_SETENV 1
| #define HAVE_RAW_DECL_SETSTATE 1
| #define HAVE_RAW_DECL_SRANDOM 1
| #define HAVE_RAW_DECL_STRTOD 1
| #define HAVE_RAW_DECL_STRTOLL 1
| #define HAVE_RAW_DECL_STRTOULL 1
| #define HAVE_RAW_DECL_UNLOCKPT 1
| #define HAVE_RAW_DECL_UNSETENV 1
| #define GNULIB_STRERROR 1
| #define GNULIB_TEST_STRERROR 1
| /* end confdefs.h.  */
| #include <sys/types.h>
|      #include <sys/stat.h>
| 
| int
| main (void)
| {
| if (sizeof ((nlink_t)))
| 	    return 0;
|   ;
|   return 0;
| }
configure:26540: result: yes
configure:26557: checking whether fchmodat is declared without a macro
configure:26576: gcc -c -g -O2  conftest.c >&5
configure:26576: $? = 0
configure:26587: result: yes
configure:26557: checking whether fstat is declared without a macro
configure:26576: gcc -c -g -O2  conftest.c >&5
configure:26576: $? = 0
configure:26587: result: yes
configure:26557: checking whether fstatat is declared without a macro
configure:26576: gcc -c -g -O2  conftest.c >&5
configure:26576: $? = 0
configure:26587: result: yes
configure:26557: checking whether futimens is declared without a macro
configure:26576: gcc -c -g -O2  conftest.c >&5
configure:26576: $? = 0
configure:26587: result: yes
configure:26557: checking whether lchmod is declared without a macro
configure:26576: gcc -c -g -O2  conftest.c >&5
configure:26576: $? = 0
configure:26587: result: yes
configure:26557: checking whether lstat is declared without a macro
configure:26576: gcc -c -g -O2  conftest.c >&5
configure:26576: $? = 0
configure:26587: result: yes
configure:26557: checking whether mkdirat is declared without a macro
configure:26576: gcc -c -g -O2  conftest.c >&5
configure:26576: $? = 0
configure:26587: result: yes
configure:26557: checking whether mkfifo is declared without a macro
configure:26576: gcc -c -g -O2  conftest.c >&5
configure:26576: $? = 0
configure:26587: result: yes
configure:26557: checking whether mkfifoat is declared without a macro
configure:26576: gcc -c -g -O2  conftest.c >&5
configure:26576: $? = 0
configure:26587: result: yes
configure:26557: checking whether mknod is declared without a macro
configure:26576: gcc -c -g -O2  conftest.c >&5
configure:26576: $? = 0
configure:26587: result: yes
configure:26557: checking whether mknodat is declared without a macro
configure:26576: gcc -c -g -O2  conftest.c >&5
configure:26576: $? = 0
configure:26587: result: yes
configure:26557: checking whether stat is declared without a macro
configure:26576: gcc -c -g -O2  conftest.c >&5
configure:26576: $? = 0
configure:26587: result: yes
configure:26557: checking whether utimensat is declared without a macro
configure:26576: gcc -c -g -O2  conftest.c >&5
configure:26576: $? = 0
configure:26587: result: yes
configure:26705: checking whether chdir is declared without a macro
configure:26736: gcc -c -g -O2  conftest.c >&5
configure:26736: $? = 0
configure:26747: result: yes
configure:26705: checking whether chown is declared without a macro
configure:26736: gcc -c -g -O2  conftest.c >&5
configure:26736: $? = 0
configure:26747: result: yes
configure:26705: checking whether dup is declared without a macro
configure:26736: gcc -c -g -O2  conftest.c >&5
configure:26736: $? = 0
configure:26747: result: yes
configure:26705: checking whether dup2 is declared without a macro
configure:26736: gcc -c -g -O2  conftest.c >&5
configure:26736: $? = 0
configure:26747: result: yes
configure:26705: checking whether dup3 is declared without a macro
configure:26736: gcc -c -g -O2  conftest.c >&5
conftest.c:142:10: error: use of undeclared identifier 'dup3'
  (void) dup3;
         ^
1 error generated.
configure:26736: $? = 1
configure: failed program was:
| /* confdefs.h */
| #define PACKAGE_NAME "latte-int"
| #define PACKAGE_TARNAME "latte-int"
| #define PACKAGE_VERSION "1.7.6"
| #define PACKAGE_STRING "latte-int 1.7.6"
| #define PACKAGE_BUGREPORT ""
| #define PACKAGE_URL ""
| #define PACKAGE "latte-int"
| #define VERSION "1.7.6"
| #define HAVE_STDIO_H 1
| #define HAVE_STDLIB_H 1
| #define HAVE_STRING_H 1
| #define HAVE_INTTYPES_H 1
| #define HAVE_STDINT_H 1
| #define HAVE_STRINGS_H 1
| #define HAVE_SYS_STAT_H 1
| #define HAVE_SYS_TYPES_H 1
| #define HAVE_UNISTD_H 1
| #define STDC_HEADERS 1
| #define __EXTENSIONS__ 1
| #define _ALL_SOURCE 1
| #define _DARWIN_C_SOURCE 1
| #define _GNU_SOURCE 1
| #define _POSIX_PTHREAD_SEMANTICS 1
| #define _TANDEM_SOURCE 1
| #define HAVE_DLFCN_H 1
| #define LT_OBJDIR ".libs/"
| #define HAVE_ALLOCA_H 1
| #define HAVE_ALLOCA 1
| #define HAVE_GETCWD 1
| #define HAVE_READLINK 1
| #define HAVE_REALPATH 1
| #define HAVE_READLINKAT 1
| #define HAVE_LSTAT 1
| #define HAVE_SETENV 1
| #define HAVE_SYS_PARAM_H 1
| #define HAVE_UNISTD_H 1
| #define HAVE_WCHAR_H 1
| #define HAVE_STDINT_H 1
| #define HAVE_SYS_SOCKET_H 1
| #define HAVE_SYS_STAT_H 1
| #define HAVE_SYS_TIME_H 1
| #define HAVE_DECL_STRERROR_R 1
| #define HAVE_STRERROR_R 1
| #define MALLOC_0_IS_NONNULL 1
| #define HAVE_UNSIGNED_LONG_LONG_INT 1
| #define HAVE_LONG_LONG_INT 1
| #define INSTALLPREFIX "/Users/vaw1/latte"
| #define HAVE_DECL_SETENV 1
| #define HAVE__BOOL 1
| #define HAVE_WCHAR_T 1
| #define REPLACE_STRERROR_0 1
| #define restrict __restrict__
| #define HAVE_RAW_DECL_FFSL 1
| #define HAVE_RAW_DECL_FFSLL 1
| #define HAVE_RAW_DECL_MEMMEM 1
| #define HAVE_RAW_DECL_STPCPY 1
| #define HAVE_RAW_DECL_STPNCPY 1
| #define HAVE_RAW_DECL_STRDUP 1
| #define HAVE_RAW_DECL_STRNCAT 1
| #define HAVE_RAW_DECL_STRNDUP 1
| #define HAVE_RAW_DECL_STRNLEN 1
| #define HAVE_RAW_DECL_STRPBRK 1
| #define HAVE_RAW_DECL_STRSEP 1
| #define HAVE_RAW_DECL_STRCASESTR 1
| #define HAVE_RAW_DECL_STRTOK_R 1
| #define HAVE_RAW_DECL_STRERROR_R 1
| #define HAVE_RAW_DECL_STRSIGNAL 1
| #define HAVE_ALLOCA 1
| #define GNULIB_CANONICALIZE_LGPL 1
| #define GNULIB_TEST_CANONICALIZE_FILE_NAME 1
| #define GNULIB_TEST_REALPATH 1
| #define GNULIB_TEST_ENVIRON 1
| #define GNULIB_TEST_LSTAT 1
| #define HAVE_DECL_PROGRAM_INVOCATION_NAME 0
| #define HAVE_DECL_PROGRAM_INVOCATION_SHORT_NAME 0
| #define READLINK_TRAILING_SLASH_BUG 1
| #define GNULIB_TEST_READLINK 1
| #define HAVE_SEARCH_H 1
| #define HAVE_TSEARCH 1
| #define REPLACE_FUNC_STAT_FILE 1
| #define GNULIB_TEST_STAT 1
| #define HAVE_RAW_DECL__EXIT 1
| #define HAVE_RAW_DECL_ATOLL 1
| #define HAVE_RAW_DECL_GETLOADAVG 1
| #define HAVE_RAW_DECL_GETSUBOPT 1
| #define HAVE_RAW_DECL_GRANTPT 1
| #define HAVE_RAW_DECL_INITSTATE 1
| #define HAVE_RAW_DECL_MKSTEMP 1
| #define HAVE_RAW_DECL_POSIX_OPENPT 1
| #define HAVE_RAW_DECL_PTSNAME 1
| #define HAVE_RAW_DECL_PTSNAME_R 1
| #define HAVE_RAW_DECL_RANDOM 1
| #define HAVE_RAW_DECL_REALPATH 1
| #define HAVE_RAW_DECL_RPMATCH 1
| #define HAVE_RAW_DECL_SETENV 1
| #define HAVE_RAW_DECL_SETSTATE 1
| #define HAVE_RAW_DECL_SRANDOM 1
| #define HAVE_RAW_DECL_STRTOD 1
| #define HAVE_RAW_DECL_STRTOLL 1
| #define HAVE_RAW_DECL_STRTOULL 1
| #define HAVE_RAW_DECL_UNLOCKPT 1
| #define HAVE_RAW_DECL_UNSETENV 1
| #define GNULIB_STRERROR 1
| #define GNULIB_TEST_STRERROR 1
| #define HAVE_RAW_DECL_FCHMODAT 1
| #define HAVE_RAW_DECL_FSTAT 1
| #define HAVE_RAW_DECL_FSTATAT 1
| #define HAVE_RAW_DECL_FUTIMENS 1
| #define HAVE_RAW_DECL_LCHMOD 1
| #define HAVE_RAW_DECL_LSTAT 1
| #define HAVE_RAW_DECL_MKDIRAT 1
| #define HAVE_RAW_DECL_MKFIFO 1
| #define HAVE_RAW_DECL_MKFIFOAT 1
| #define HAVE_RAW_DECL_MKNOD 1
| #define HAVE_RAW_DECL_MKNODAT 1
| #define HAVE_RAW_DECL_STAT 1
| #define HAVE_RAW_DECL_UTIMENSAT 1
| #define HAVE_RAW_DECL_CHDIR 1
| #define HAVE_RAW_DECL_CHOWN 1
| #define HAVE_RAW_DECL_DUP 1
| #define HAVE_RAW_DECL_DUP2 1
| /* end confdefs.h.  */
| 
| #if HAVE_UNISTD_H
| # include <unistd.h>
| #endif
| /* Some systems declare various items in the wrong headers.  */
| #if !(defined __GLIBC__ && !defined __UCLIBC__)
| # include <fcntl.h>
| # include <stdio.h>
| # include <stdlib.h>
| # if (defined _WIN32 || defined __WIN32__) && ! defined __CYGWIN__
| #  include <io.h>
| # endif
| #endif
| 
| int
| main (void)
| {
| #undef dup3
|   (void) dup3;
|   ;
|   return 0;
| }
configure:26747: result: no
configure:26705: checking whether environ is declared without a macro
configure:26736: gcc -c -g -O2  conftest.c >&5
conftest.c:142:10: error: use of undeclared identifier 'environ'; did you mean 'union'?
  (void) environ;
         ^~~~~~~
         union
conftest.c:142:10: error: expected expression
2 errors generated.
configure:26736: $? = 1
configure: failed program was:
| /* confdefs.h */
| #define PACKAGE_NAME "latte-int"
| #define PACKAGE_TARNAME "latte-int"
| #define PACKAGE_VERSION "1.7.6"
| #define PACKAGE_STRING "latte-int 1.7.6"
| #define PACKAGE_BUGREPORT ""
| #define PACKAGE_URL ""
| #define PACKAGE "latte-int"
| #define VERSION "1.7.6"
| #define HAVE_STDIO_H 1
| #define HAVE_STDLIB_H 1
| #define HAVE_STRING_H 1
| #define HAVE_INTTYPES_H 1
| #define HAVE_STDINT_H 1
| #define HAVE_STRINGS_H 1
| #define HAVE_SYS_STAT_H 1
| #define HAVE_SYS_TYPES_H 1
| #define HAVE_UNISTD_H 1
| #define STDC_HEADERS 1
| #define __EXTENSIONS__ 1
| #define _ALL_SOURCE 1
| #define _DARWIN_C_SOURCE 1
| #define _GNU_SOURCE 1
| #define _POSIX_PTHREAD_SEMANTICS 1
| #define _TANDEM_SOURCE 1
| #define HAVE_DLFCN_H 1
| #define LT_OBJDIR ".libs/"
| #define HAVE_ALLOCA_H 1
| #define HAVE_ALLOCA 1
| #define HAVE_GETCWD 1
| #define HAVE_READLINK 1
| #define HAVE_REALPATH 1
| #define HAVE_READLINKAT 1
| #define HAVE_LSTAT 1
| #define HAVE_SETENV 1
| #define HAVE_SYS_PARAM_H 1
| #define HAVE_UNISTD_H 1
| #define HAVE_WCHAR_H 1
| #define HAVE_STDINT_H 1
| #define HAVE_SYS_SOCKET_H 1
| #define HAVE_SYS_STAT_H 1
| #define HAVE_SYS_TIME_H 1
| #define HAVE_DECL_STRERROR_R 1
| #define HAVE_STRERROR_R 1
| #define MALLOC_0_IS_NONNULL 1
| #define HAVE_UNSIGNED_LONG_LONG_INT 1
| #define HAVE_LONG_LONG_INT 1
| #define INSTALLPREFIX "/Users/vaw1/latte"
| #define HAVE_DECL_SETENV 1
| #define HAVE__BOOL 1
| #define HAVE_WCHAR_T 1
| #define REPLACE_STRERROR_0 1
| #define restrict __restrict__
| #define HAVE_RAW_DECL_FFSL 1
| #define HAVE_RAW_DECL_FFSLL 1
| #define HAVE_RAW_DECL_MEMMEM 1
| #define HAVE_RAW_DECL_STPCPY 1
| #define HAVE_RAW_DECL_STPNCPY 1
| #define HAVE_RAW_DECL_STRDUP 1
| #define HAVE_RAW_DECL_STRNCAT 1
| #define HAVE_RAW_DECL_STRNDUP 1
| #define HAVE_RAW_DECL_STRNLEN 1
| #define HAVE_RAW_DECL_STRPBRK 1
| #define HAVE_RAW_DECL_STRSEP 1
| #define HAVE_RAW_DECL_STRCASESTR 1
| #define HAVE_RAW_DECL_STRTOK_R 1
| #define HAVE_RAW_DECL_STRERROR_R 1
| #define HAVE_RAW_DECL_STRSIGNAL 1
| #define HAVE_ALLOCA 1
| #define GNULIB_CANONICALIZE_LGPL 1
| #define GNULIB_TEST_CANONICALIZE_FILE_NAME 1
| #define GNULIB_TEST_REALPATH 1
| #define GNULIB_TEST_ENVIRON 1
| #define GNULIB_TEST_LSTAT 1
| #define HAVE_DECL_PROGRAM_INVOCATION_NAME 0
| #define HAVE_DECL_PROGRAM_INVOCATION_SHORT_NAME 0
| #define READLINK_TRAILING_SLASH_BUG 1
| #define GNULIB_TEST_READLINK 1
| #define HAVE_SEARCH_H 1
| #define HAVE_TSEARCH 1
| #define REPLACE_FUNC_STAT_FILE 1
| #define GNULIB_TEST_STAT 1
| #define HAVE_RAW_DECL__EXIT 1
| #define HAVE_RAW_DECL_ATOLL 1
| #define HAVE_RAW_DECL_GETLOADAVG 1
| #define HAVE_RAW_DECL_GETSUBOPT 1
| #define HAVE_RAW_DECL_GRANTPT 1
| #define HAVE_RAW_DECL_INITSTATE 1
| #define HAVE_RAW_DECL_MKSTEMP 1
| #define HAVE_RAW_DECL_POSIX_OPENPT 1
| #define HAVE_RAW_DECL_PTSNAME 1
| #define HAVE_RAW_DECL_PTSNAME_R 1
| #define HAVE_RAW_DECL_RANDOM 1
| #define HAVE_RAW_DECL_REALPATH 1
| #define HAVE_RAW_DECL_RPMATCH 1
| #define HAVE_RAW_DECL_SETENV 1
| #define HAVE_RAW_DECL_SETSTATE 1
| #define HAVE_RAW_DECL_SRANDOM 1
| #define HAVE_RAW_DECL_STRTOD 1
| #define HAVE_RAW_DECL_STRTOLL 1
| #define HAVE_RAW_DECL_STRTOULL 1
| #define HAVE_RAW_DECL_UNLOCKPT 1
| #define HAVE_RAW_DECL_UNSETENV 1
| #define GNULIB_STRERROR 1
| #define GNULIB_TEST_STRERROR 1
| #define HAVE_RAW_DECL_FCHMODAT 1
| #define HAVE_RAW_DECL_FSTAT 1
| #define HAVE_RAW_DECL_FSTATAT 1
| #define HAVE_RAW_DECL_FUTIMENS 1
| #define HAVE_RAW_DECL_LCHMOD 1
| #define HAVE_RAW_DECL_LSTAT 1
| #define HAVE_RAW_DECL_MKDIRAT 1
| #define HAVE_RAW_DECL_MKFIFO 1
| #define HAVE_RAW_DECL_MKFIFOAT 1
| #define HAVE_RAW_DECL_MKNOD 1
| #define HAVE_RAW_DECL_MKNODAT 1
| #define HAVE_RAW_DECL_STAT 1
| #define HAVE_RAW_DECL_UTIMENSAT 1
| #define HAVE_RAW_DECL_CHDIR 1
| #define HAVE_RAW_DECL_CHOWN 1
| #define HAVE_RAW_DECL_DUP 1
| #define HAVE_RAW_DECL_DUP2 1
| /* end confdefs.h.  */
| 
| #if HAVE_UNISTD_H
| # include <unistd.h>
| #endif
| /* Some systems declare various items in the wrong headers.  */
| #if !(defined __GLIBC__ && !defined __UCLIBC__)
| # include <fcntl.h>
| # include <stdio.h>
| # include <stdlib.h>
| # if (defined _WIN32 || defined __WIN32__) && ! defined __CYGWIN__
| #  include <io.h>
| # endif
| #endif
| 
| int
| main (void)
| {
| #undef environ
|   (void) environ;
|   ;
|   return 0;
| }
configure:26747: result: no
configure:26705: checking whether euidaccess is declared without a macro
configure:26736: gcc -c -g -O2  conftest.c >&5
conftest.c:142:10: error: use of undeclared identifier 'euidaccess'
  (void) euidaccess;
         ^
1 error generated.
configure:26736: $? = 1
configure: failed program was:
| /* confdefs.h */
| #define PACKAGE_NAME "latte-int"
| #define PACKAGE_TARNAME "latte-int"
| #define PACKAGE_VERSION "1.7.6"
| #define PACKAGE_STRING "latte-int 1.7.6"
| #define PACKAGE_BUGREPORT ""
| #define PACKAGE_URL ""
| #define PACKAGE "latte-int"
| #define VERSION "1.7.6"
| #define HAVE_STDIO_H 1
| #define HAVE_STDLIB_H 1
| #define HAVE_STRING_H 1
| #define HAVE_INTTYPES_H 1
| #define HAVE_STDINT_H 1
| #define HAVE_STRINGS_H 1
| #define HAVE_SYS_STAT_H 1
| #define HAVE_SYS_TYPES_H 1
| #define HAVE_UNISTD_H 1
| #define STDC_HEADERS 1
| #define __EXTENSIONS__ 1
| #define _ALL_SOURCE 1
| #define _DARWIN_C_SOURCE 1
| #define _GNU_SOURCE 1
| #define _POSIX_PTHREAD_SEMANTICS 1
| #define _TANDEM_SOURCE 1
| #define HAVE_DLFCN_H 1
| #define LT_OBJDIR ".libs/"
| #define HAVE_ALLOCA_H 1
| #define HAVE_ALLOCA 1
| #define HAVE_GETCWD 1
| #define HAVE_READLINK 1
| #define HAVE_REALPATH 1
| #define HAVE_READLINKAT 1
| #define HAVE_LSTAT 1
| #define HAVE_SETENV 1
| #define HAVE_SYS_PARAM_H 1
| #define HAVE_UNISTD_H 1
| #define HAVE_WCHAR_H 1
| #define HAVE_STDINT_H 1
| #define HAVE_SYS_SOCKET_H 1
| #define HAVE_SYS_STAT_H 1
| #define HAVE_SYS_TIME_H 1
| #define HAVE_DECL_STRERROR_R 1
| #define HAVE_STRERROR_R 1
| #define MALLOC_0_IS_NONNULL 1
| #define HAVE_UNSIGNED_LONG_LONG_INT 1
| #define HAVE_LONG_LONG_INT 1
| #define INSTALLPREFIX "/Users/vaw1/latte"
| #define HAVE_DECL_SETENV 1
| #define HAVE__BOOL 1
| #define HAVE_WCHAR_T 1
| #define REPLACE_STRERROR_0 1
| #define restrict __restrict__
| #define HAVE_RAW_DECL_FFSL 1
| #define HAVE_RAW_DECL_FFSLL 1
| #define HAVE_RAW_DECL_MEMMEM 1
| #define HAVE_RAW_DECL_STPCPY 1
| #define HAVE_RAW_DECL_STPNCPY 1
| #define HAVE_RAW_DECL_STRDUP 1
| #define HAVE_RAW_DECL_STRNCAT 1
| #define HAVE_RAW_DECL_STRNDUP 1
| #define HAVE_RAW_DECL_STRNLEN 1
| #define HAVE_RAW_DECL_STRPBRK 1
| #define HAVE_RAW_DECL_STRSEP 1
| #define HAVE_RAW_DECL_STRCASESTR 1
| #define HAVE_RAW_DECL_STRTOK_R 1
| #define HAVE_RAW_DECL_STRERROR_R 1
| #define HAVE_RAW_DECL_STRSIGNAL 1
| #define HAVE_ALLOCA 1
| #define GNULIB_CANONICALIZE_LGPL 1
| #define GNULIB_TEST_CANONICALIZE_FILE_NAME 1
| #define GNULIB_TEST_REALPATH 1
| #define GNULIB_TEST_ENVIRON 1
| #define GNULIB_TEST_LSTAT 1
| #define HAVE_DECL_PROGRAM_INVOCATION_NAME 0
| #define HAVE_DECL_PROGRAM_INVOCATION_SHORT_NAME 0
| #define READLINK_TRAILING_SLASH_BUG 1
| #define GNULIB_TEST_READLINK 1
| #define HAVE_SEARCH_H 1
| #define HAVE_TSEARCH 1
| #define REPLACE_FUNC_STAT_FILE 1
| #define GNULIB_TEST_STAT 1
| #define HAVE_RAW_DECL__EXIT 1
| #define HAVE_RAW_DECL_ATOLL 1
| #define HAVE_RAW_DECL_GETLOADAVG 1
| #define HAVE_RAW_DECL_GETSUBOPT 1
| #define HAVE_RAW_DECL_GRANTPT 1
| #define HAVE_RAW_DECL_INITSTATE 1
| #define HAVE_RAW_DECL_MKSTEMP 1
| #define HAVE_RAW_DECL_POSIX_OPENPT 1
| #define HAVE_RAW_DECL_PTSNAME 1
| #define HAVE_RAW_DECL_PTSNAME_R 1
| #define HAVE_RAW_DECL_RANDOM 1
| #define HAVE_RAW_DECL_REALPATH 1
| #define HAVE_RAW_DECL_RPMATCH 1
| #define HAVE_RAW_DECL_SETENV 1
| #define HAVE_RAW_DECL_SETSTATE 1
| #define HAVE_RAW_DECL_SRANDOM 1
| #define HAVE_RAW_DECL_STRTOD 1
| #define HAVE_RAW_DECL_STRTOLL 1
| #define HAVE_RAW_DECL_STRTOULL 1
| #define HAVE_RAW_DECL_UNLOCKPT 1
| #define HAVE_RAW_DECL_UNSETENV 1
| #define GNULIB_STRERROR 1
| #define GNULIB_TEST_STRERROR 1
| #define HAVE_RAW_DECL_FCHMODAT 1
| #define HAVE_RAW_DECL_FSTAT 1
| #define HAVE_RAW_DECL_FSTATAT 1
| #define HAVE_RAW_DECL_FUTIMENS 1
| #define HAVE_RAW_DECL_LCHMOD 1
| #define HAVE_RAW_DECL_LSTAT 1
| #define HAVE_RAW_DECL_MKDIRAT 1
| #define HAVE_RAW_DECL_MKFIFO 1
| #define HAVE_RAW_DECL_MKFIFOAT 1
| #define HAVE_RAW_DECL_MKNOD 1
| #define HAVE_RAW_DECL_MKNODAT 1
| #define HAVE_RAW_DECL_STAT 1
| #define HAVE_RAW_DECL_UTIMENSAT 1
| #define HAVE_RAW_DECL_CHDIR 1
| #define HAVE_RAW_DECL_CHOWN 1
| #define HAVE_RAW_DECL_DUP 1
| #define HAVE_RAW_DECL_DUP2 1
| /* end confdefs.h.  */
| 
| #if HAVE_UNISTD_H
| # include <unistd.h>
| #endif
| /* Some systems declare various items in the wrong headers.  */
| #if !(defined __GLIBC__ && !defined __UCLIBC__)
| # include <fcntl.h>
| # include <stdio.h>
| # include <stdlib.h>
| # if (defined _WIN32 || defined __WIN32__) && ! defined __CYGWIN__
| #  include <io.h>
| # endif
| #endif
| 
| int
| main (void)
| {
| #undef euidaccess
|   (void) euidaccess;
|   ;
|   return 0;
| }
configure:26747: result: no
configure:26705: checking whether faccessat is declared without a macro
configure:26736: gcc -c -g -O2  conftest.c >&5
configure:26736: $? = 0
configure:26747: result: yes
configure:26705: checking whether fchdir is declared without a macro
configure:26736: gcc -c -g -O2  conftest.c >&5
configure:26736: $? = 0
configure:26747: result: yes
configure:26705: checking whether fchownat is declared without a macro
configure:26736: gcc -c -g -O2  conftest.c >&5
configure:26736: $? = 0
configure:26747: result: yes
configure:26705: checking whether fdatasync is declared without a macro
configure:26736: gcc -c -g -O2  conftest.c >&5
conftest.c:145:10: error: use of undeclared identifier 'fdatasync'
  (void) fdatasync;
         ^
1 error generated.
configure:26736: $? = 1
configure: failed program was:
| /* confdefs.h */
| #define PACKAGE_NAME "latte-int"
| #define PACKAGE_TARNAME "latte-int"
| #define PACKAGE_VERSION "1.7.6"
| #define PACKAGE_STRING "latte-int 1.7.6"
| #define PACKAGE_BUGREPORT ""
| #define PACKAGE_URL ""
| #define PACKAGE "latte-int"
| #define VERSION "1.7.6"
| #define HAVE_STDIO_H 1
| #define HAVE_STDLIB_H 1
| #define HAVE_STRING_H 1
| #define HAVE_INTTYPES_H 1
| #define HAVE_STDINT_H 1
| #define HAVE_STRINGS_H 1
| #define HAVE_SYS_STAT_H 1
| #define HAVE_SYS_TYPES_H 1
| #define HAVE_UNISTD_H 1
| #define STDC_HEADERS 1
| #define __EXTENSIONS__ 1
| #define _ALL_SOURCE 1
| #define _DARWIN_C_SOURCE 1
| #define _GNU_SOURCE 1
| #define _POSIX_PTHREAD_SEMANTICS 1
| #define _TANDEM_SOURCE 1
| #define HAVE_DLFCN_H 1
| #define LT_OBJDIR ".libs/"
| #define HAVE_ALLOCA_H 1
| #define HAVE_ALLOCA 1
| #define HAVE_GETCWD 1
| #define HAVE_READLINK 1
| #define HAVE_REALPATH 1
| #define HAVE_READLINKAT 1
| #define HAVE_LSTAT 1
| #define HAVE_SETENV 1
| #define HAVE_SYS_PARAM_H 1
| #define HAVE_UNISTD_H 1
| #define HAVE_WCHAR_H 1
| #define HAVE_STDINT_H 1
| #define HAVE_SYS_SOCKET_H 1
| #define HAVE_SYS_STAT_H 1
| #define HAVE_SYS_TIME_H 1
| #define HAVE_DECL_STRERROR_R 1
| #define HAVE_STRERROR_R 1
| #define MALLOC_0_IS_NONNULL 1
| #define HAVE_UNSIGNED_LONG_LONG_INT 1
| #define HAVE_LONG_LONG_INT 1
| #define INSTALLPREFIX "/Users/vaw1/latte"
| #define HAVE_DECL_SETENV 1
| #define HAVE__BOOL 1
| #define HAVE_WCHAR_T 1
| #define REPLACE_STRERROR_0 1
| #define restrict __restrict__
| #define HAVE_RAW_DECL_FFSL 1
| #define HAVE_RAW_DECL_FFSLL 1
| #define HAVE_RAW_DECL_MEMMEM 1
| #define HAVE_RAW_DECL_STPCPY 1
| #define HAVE_RAW_DECL_STPNCPY 1
| #define HAVE_RAW_DECL_STRDUP 1
| #define HAVE_RAW_DECL_STRNCAT 1
| #define HAVE_RAW_DECL_STRNDUP 1
| #define HAVE_RAW_DECL_STRNLEN 1
| #define HAVE_RAW_DECL_STRPBRK 1
| #define HAVE_RAW_DECL_STRSEP 1
| #define HAVE_RAW_DECL_STRCASESTR 1
| #define HAVE_RAW_DECL_STRTOK_R 1
| #define HAVE_RAW_DECL_STRERROR_R 1
| #define HAVE_RAW_DECL_STRSIGNAL 1
| #define HAVE_ALLOCA 1
| #define GNULIB_CANONICALIZE_LGPL 1
| #define GNULIB_TEST_CANONICALIZE_FILE_NAME 1
| #define GNULIB_TEST_REALPATH 1
| #define GNULIB_TEST_ENVIRON 1
| #define GNULIB_TEST_LSTAT 1
| #define HAVE_DECL_PROGRAM_INVOCATION_NAME 0
| #define HAVE_DECL_PROGRAM_INVOCATION_SHORT_NAME 0
| #define READLINK_TRAILING_SLASH_BUG 1
| #define GNULIB_TEST_READLINK 1
| #define HAVE_SEARCH_H 1
| #define HAVE_TSEARCH 1
| #define REPLACE_FUNC_STAT_FILE 1
| #define GNULIB_TEST_STAT 1
| #define HAVE_RAW_DECL__EXIT 1
| #define HAVE_RAW_DECL_ATOLL 1
| #define HAVE_RAW_DECL_GETLOADAVG 1
| #define HAVE_RAW_DECL_GETSUBOPT 1
| #define HAVE_RAW_DECL_GRANTPT 1
| #define HAVE_RAW_DECL_INITSTATE 1
| #define HAVE_RAW_DECL_MKSTEMP 1
| #define HAVE_RAW_DECL_POSIX_OPENPT 1
| #define HAVE_RAW_DECL_PTSNAME 1
| #define HAVE_RAW_DECL_PTSNAME_R 1
| #define HAVE_RAW_DECL_RANDOM 1
| #define HAVE_RAW_DECL_REALPATH 1
| #define HAVE_RAW_DECL_RPMATCH 1
| #define HAVE_RAW_DECL_SETENV 1
| #define HAVE_RAW_DECL_SETSTATE 1
| #define HAVE_RAW_DECL_SRANDOM 1
| #define HAVE_RAW_DECL_STRTOD 1
| #define HAVE_RAW_DECL_STRTOLL 1
| #define HAVE_RAW_DECL_STRTOULL 1
| #define HAVE_RAW_DECL_UNLOCKPT 1
| #define HAVE_RAW_DECL_UNSETENV 1
| #define GNULIB_STRERROR 1
| #define GNULIB_TEST_STRERROR 1
| #define HAVE_RAW_DECL_FCHMODAT 1
| #define HAVE_RAW_DECL_FSTAT 1
| #define HAVE_RAW_DECL_FSTATAT 1
| #define HAVE_RAW_DECL_FUTIMENS 1
| #define HAVE_RAW_DECL_LCHMOD 1
| #define HAVE_RAW_DECL_LSTAT 1
| #define HAVE_RAW_DECL_MKDIRAT 1
| #define HAVE_RAW_DECL_MKFIFO 1
| #define HAVE_RAW_DECL_MKFIFOAT 1
| #define HAVE_RAW_DECL_MKNOD 1
| #define HAVE_RAW_DECL_MKNODAT 1
| #define HAVE_RAW_DECL_STAT 1
| #define HAVE_RAW_DECL_UTIMENSAT 1
| #define HAVE_RAW_DECL_CHDIR 1
| #define HAVE_RAW_DECL_CHOWN 1
| #define HAVE_RAW_DECL_DUP 1
| #define HAVE_RAW_DECL_DUP2 1
| #define HAVE_RAW_DECL_FACCESSAT 1
| #define HAVE_RAW_DECL_FCHDIR 1
| #define HAVE_RAW_DECL_FCHOWNAT 1
| /* end confdefs.h.  */
| 
| #if HAVE_UNISTD_H
| # include <unistd.h>
| #endif
| /* Some systems declare various items in the wrong headers.  */
| #if !(defined __GLIBC__ && !defined __UCLIBC__)
| # include <fcntl.h>
| # include <stdio.h>
| # include <stdlib.h>
| # if (defined _WIN32 || defined __WIN32__) && ! defined __CYGWIN__
| #  include <io.h>
| # endif
| #endif
| 
| int
| main (void)
| {
| #undef fdatasync
|   (void) fdatasync;
|   ;
|   return 0;
| }
configure:26747: result: no
configure:26705: checking whether fsync is declared without a macro
configure:26736: gcc -c -g -O2  conftest.c >&5
configure:26736: $? = 0
configure:26747: result: yes
configure:26705: checking whether ftruncate is declared without a macro
configure:26736: gcc -c -g -O2  conftest.c >&5
configure:26736: $? = 0
configure:26747: result: yes
configure:26705: checking whether getcwd is declared without a macro
configure:26736: gcc -c -g -O2  conftest.c >&5
configure:26736: $? = 0
configure:26747: result: yes
configure:26705: checking whether getdomainname is declared without a macro
configure:26736: gcc -c -g -O2  conftest.c >&5
configure:26736: $? = 0
configure:26747: result: yes
configure:26705: checking whether getdtablesize is declared without a macro
configure:26736: gcc -c -g -O2  conftest.c >&5
configure:26736: $? = 0
configure:26747: result: yes
configure:26705: checking whether getgroups is declared without a macro
configure:26736: gcc -c -g -O2  conftest.c >&5
configure:26736: $? = 0
configure:26747: result: yes
configure:26705: checking whether gethostname is declared without a macro
configure:26736: gcc -c -g -O2  conftest.c >&5
configure:26736: $? = 0
configure:26747: result: yes
configure:26705: checking whether getlogin is declared without a macro
configure:26736: gcc -c -g -O2  conftest.c >&5
configure:26736: $? = 0
configure:26747: result: yes
configure:26705: checking whether getlogin_r is declared without a macro
configure:26736: gcc -c -g -O2  conftest.c >&5
configure:26736: $? = 0
configure:26747: result: yes
configure:26705: checking whether getpagesize is declared without a macro
configure:26736: gcc -c -g -O2  conftest.c >&5
configure:26736: $? = 0
configure:26747: result: yes
configure:26705: checking whether getusershell is declared without a macro
configure:26736: gcc -c -g -O2  conftest.c >&5
configure:26736: $? = 0
configure:26747: result: yes
configure:26705: checking whether setusershell is declared without a macro
configure:26736: gcc -c -g -O2  conftest.c >&5
configure:26736: $? = 0
configure:26747: result: yes
configure:26705: checking whether endusershell is declared without a macro
configure:26736: gcc -c -g -O2  conftest.c >&5
configure:26736: $? = 0
configure:26747: result: yes
configure:26705: checking whether group_member is declared without a macro
configure:26736: gcc -c -g -O2  conftest.c >&5
conftest.c:158:10: error: use of undeclared identifier 'group_member'
  (void) group_member;
         ^
1 error generated.
configure:26736: $? = 1
configure: failed program was:
| /* confdefs.h */
| #define PACKAGE_NAME "latte-int"
| #define PACKAGE_TARNAME "latte-int"
| #define PACKAGE_VERSION "1.7.6"
| #define PACKAGE_STRING "latte-int 1.7.6"
| #define PACKAGE_BUGREPORT ""
| #define PACKAGE_URL ""
| #define PACKAGE "latte-int"
| #define VERSION "1.7.6"
| #define HAVE_STDIO_H 1
| #define HAVE_STDLIB_H 1
| #define HAVE_STRING_H 1
| #define HAVE_INTTYPES_H 1
| #define HAVE_STDINT_H 1
| #define HAVE_STRINGS_H 1
| #define HAVE_SYS_STAT_H 1
| #define HAVE_SYS_TYPES_H 1
| #define HAVE_UNISTD_H 1
| #define STDC_HEADERS 1
| #define __EXTENSIONS__ 1
| #define _ALL_SOURCE 1
| #define _DARWIN_C_SOURCE 1
| #define _GNU_SOURCE 1
| #define _POSIX_PTHREAD_SEMANTICS 1
| #define _TANDEM_SOURCE 1
| #define HAVE_DLFCN_H 1
| #define LT_OBJDIR ".libs/"
| #define HAVE_ALLOCA_H 1
| #define HAVE_ALLOCA 1
| #define HAVE_GETCWD 1
| #define HAVE_READLINK 1
| #define HAVE_REALPATH 1
| #define HAVE_READLINKAT 1
| #define HAVE_LSTAT 1
| #define HAVE_SETENV 1
| #define HAVE_SYS_PARAM_H 1
| #define HAVE_UNISTD_H 1
| #define HAVE_WCHAR_H 1
| #define HAVE_STDINT_H 1
| #define HAVE_SYS_SOCKET_H 1
| #define HAVE_SYS_STAT_H 1
| #define HAVE_SYS_TIME_H 1
| #define HAVE_DECL_STRERROR_R 1
| #define HAVE_STRERROR_R 1
| #define MALLOC_0_IS_NONNULL 1
| #define HAVE_UNSIGNED_LONG_LONG_INT 1
| #define HAVE_LONG_LONG_INT 1
| #define INSTALLPREFIX "/Users/vaw1/latte"
| #define HAVE_DECL_SETENV 1
| #define HAVE__BOOL 1
| #define HAVE_WCHAR_T 1
| #define REPLACE_STRERROR_0 1
| #define restrict __restrict__
| #define HAVE_RAW_DECL_FFSL 1
| #define HAVE_RAW_DECL_FFSLL 1
| #define HAVE_RAW_DECL_MEMMEM 1
| #define HAVE_RAW_DECL_STPCPY 1
| #define HAVE_RAW_DECL_STPNCPY 1
| #define HAVE_RAW_DECL_STRDUP 1
| #define HAVE_RAW_DECL_STRNCAT 1
| #define HAVE_RAW_DECL_STRNDUP 1
| #define HAVE_RAW_DECL_STRNLEN 1
| #define HAVE_RAW_DECL_STRPBRK 1
| #define HAVE_RAW_DECL_STRSEP 1
| #define HAVE_RAW_DECL_STRCASESTR 1
| #define HAVE_RAW_DECL_STRTOK_R 1
| #define HAVE_RAW_DECL_STRERROR_R 1
| #define HAVE_RAW_DECL_STRSIGNAL 1
| #define HAVE_ALLOCA 1
| #define GNULIB_CANONICALIZE_LGPL 1
| #define GNULIB_TEST_CANONICALIZE_FILE_NAME 1
| #define GNULIB_TEST_REALPATH 1
| #define GNULIB_TEST_ENVIRON 1
| #define GNULIB_TEST_LSTAT 1
| #define HAVE_DECL_PROGRAM_INVOCATION_NAME 0
| #define HAVE_DECL_PROGRAM_INVOCATION_SHORT_NAME 0
| #define READLINK_TRAILING_SLASH_BUG 1
| #define GNULIB_TEST_READLINK 1
| #define HAVE_SEARCH_H 1
| #define HAVE_TSEARCH 1
| #define REPLACE_FUNC_STAT_FILE 1
| #define GNULIB_TEST_STAT 1
| #define HAVE_RAW_DECL__EXIT 1
| #define HAVE_RAW_DECL_ATOLL 1
| #define HAVE_RAW_DECL_GETLOADAVG 1
| #define HAVE_RAW_DECL_GETSUBOPT 1
| #define HAVE_RAW_DECL_GRANTPT 1
| #define HAVE_RAW_DECL_INITSTATE 1
| #define HAVE_RAW_DECL_MKSTEMP 1
| #define HAVE_RAW_DECL_POSIX_OPENPT 1
| #define HAVE_RAW_DECL_PTSNAME 1
| #define HAVE_RAW_DECL_PTSNAME_R 1
| #define HAVE_RAW_DECL_RANDOM 1
| #define HAVE_RAW_DECL_REALPATH 1
| #define HAVE_RAW_DECL_RPMATCH 1
| #define HAVE_RAW_DECL_SETENV 1
| #define HAVE_RAW_DECL_SETSTATE 1
| #define HAVE_RAW_DECL_SRANDOM 1
| #define HAVE_RAW_DECL_STRTOD 1
| #define HAVE_RAW_DECL_STRTOLL 1
| #define HAVE_RAW_DECL_STRTOULL 1
| #define HAVE_RAW_DECL_UNLOCKPT 1
| #define HAVE_RAW_DECL_UNSETENV 1
| #define GNULIB_STRERROR 1
| #define GNULIB_TEST_STRERROR 1
| #define HAVE_RAW_DECL_FCHMODAT 1
| #define HAVE_RAW_DECL_FSTAT 1
| #define HAVE_RAW_DECL_FSTATAT 1
| #define HAVE_RAW_DECL_FUTIMENS 1
| #define HAVE_RAW_DECL_LCHMOD 1
| #define HAVE_RAW_DECL_LSTAT 1
| #define HAVE_RAW_DECL_MKDIRAT 1
| #define HAVE_RAW_DECL_MKFIFO 1
| #define HAVE_RAW_DECL_MKFIFOAT 1
| #define HAVE_RAW_DECL_MKNOD 1
| #define HAVE_RAW_DECL_MKNODAT 1
| #define HAVE_RAW_DECL_STAT 1
| #define HAVE_RAW_DECL_UTIMENSAT 1
| #define HAVE_RAW_DECL_CHDIR 1
| #define HAVE_RAW_DECL_CHOWN 1
| #define HAVE_RAW_DECL_DUP 1
| #define HAVE_RAW_DECL_DUP2 1
| #define HAVE_RAW_DECL_FACCESSAT 1
| #define HAVE_RAW_DECL_FCHDIR 1
| #define HAVE_RAW_DECL_FCHOWNAT 1
| #define HAVE_RAW_DECL_FSYNC 1
| #define HAVE_RAW_DECL_FTRUNCATE 1
| #define HAVE_RAW_DECL_GETCWD 1
| #define HAVE_RAW_DECL_GETDOMAINNAME 1
| #define HAVE_RAW_DECL_GETDTABLESIZE 1
| #define HAVE_RAW_DECL_GETGROUPS 1
| #define HAVE_RAW_DECL_GETHOSTNAME 1
| #define HAVE_RAW_DECL_GETLOGIN 1
| #define HAVE_RAW_DECL_GETLOGIN_R 1
| #define HAVE_RAW_DECL_GETPAGESIZE 1
| #define HAVE_RAW_DECL_GETUSERSHELL 1
| #define HAVE_RAW_DECL_SETUSERSHELL 1
| #define HAVE_RAW_DECL_ENDUSERSHELL 1
| /* end confdefs.h.  */
| 
| #if HAVE_UNISTD_H
| # include <unistd.h>
| #endif
| /* Some systems declare various items in the wrong headers.  */
| #if !(defined __GLIBC__ && !defined __UCLIBC__)
| # include <fcntl.h>
| # include <stdio.h>
| # include <stdlib.h>
| # if (defined _WIN32 || defined __WIN32__) && ! defined __CYGWIN__
| #  include <io.h>
| # endif
| #endif
| 
| int
| main (void)
| {
| #undef group_member
|   (void) group_member;
|   ;
|   return 0;
| }
configure:26747: result: no
configure:26705: checking whether isatty is declared without a macro
configure:26736: gcc -c -g -O2  conftest.c >&5
configure:26736: $? = 0
configure:26747: result: yes
configure:26705: checking whether lchown is declared without a macro
configure:26736: gcc -c -g -O2  conftest.c >&5
configure:26736: $? = 0
configure:26747: result: yes
configure:26705: checking whether link is declared without a macro
configure:26736: gcc -c -g -O2  conftest.c >&5
configure:26736: $? = 0
configure:26747: result: yes
configure:26705: checking whether linkat is declared without a macro
configure:26736: gcc -c -g -O2  conftest.c >&5
configure:26736: $? = 0
configure:26747: result: yes
configure:26705: checking whether lseek is declared without a macro
configure:26736: gcc -c -g -O2  conftest.c >&5
configure:26736: $? = 0
configure:26747: result: yes
configure:26705: checking whether pipe is declared without a macro
configure:26736: gcc -c -g -O2  conftest.c >&5
configure:26736: $? = 0
configure:26747: result: yes
configure:26705: checking whether pipe2 is declared without a macro
configure:26736: gcc -c -g -O2  conftest.c >&5
conftest.c:164:10: error: use of undeclared identifier 'pipe2'
  (void) pipe2;
         ^
1 error generated.
configure:26736: $? = 1
configure: failed program was:
| /* confdefs.h */
| #define PACKAGE_NAME "latte-int"
| #define PACKAGE_TARNAME "latte-int"
| #define PACKAGE_VERSION "1.7.6"
| #define PACKAGE_STRING "latte-int 1.7.6"
| #define PACKAGE_BUGREPORT ""
| #define PACKAGE_URL ""
| #define PACKAGE "latte-int"
| #define VERSION "1.7.6"
| #define HAVE_STDIO_H 1
| #define HAVE_STDLIB_H 1
| #define HAVE_STRING_H 1
| #define HAVE_INTTYPES_H 1
| #define HAVE_STDINT_H 1
| #define HAVE_STRINGS_H 1
| #define HAVE_SYS_STAT_H 1
| #define HAVE_SYS_TYPES_H 1
| #define HAVE_UNISTD_H 1
| #define STDC_HEADERS 1
| #define __EXTENSIONS__ 1
| #define _ALL_SOURCE 1
| #define _DARWIN_C_SOURCE 1
| #define _GNU_SOURCE 1
| #define _POSIX_PTHREAD_SEMANTICS 1
| #define _TANDEM_SOURCE 1
| #define HAVE_DLFCN_H 1
| #define LT_OBJDIR ".libs/"
| #define HAVE_ALLOCA_H 1
| #define HAVE_ALLOCA 1
| #define HAVE_GETCWD 1
| #define HAVE_READLINK 1
| #define HAVE_REALPATH 1
| #define HAVE_READLINKAT 1
| #define HAVE_LSTAT 1
| #define HAVE_SETENV 1
| #define HAVE_SYS_PARAM_H 1
| #define HAVE_UNISTD_H 1
| #define HAVE_WCHAR_H 1
| #define HAVE_STDINT_H 1
| #define HAVE_SYS_SOCKET_H 1
| #define HAVE_SYS_STAT_H 1
| #define HAVE_SYS_TIME_H 1
| #define HAVE_DECL_STRERROR_R 1
| #define HAVE_STRERROR_R 1
| #define MALLOC_0_IS_NONNULL 1
| #define HAVE_UNSIGNED_LONG_LONG_INT 1
| #define HAVE_LONG_LONG_INT 1
| #define INSTALLPREFIX "/Users/vaw1/latte"
| #define HAVE_DECL_SETENV 1
| #define HAVE__BOOL 1
| #define HAVE_WCHAR_T 1
| #define REPLACE_STRERROR_0 1
| #define restrict __restrict__
| #define HAVE_RAW_DECL_FFSL 1
| #define HAVE_RAW_DECL_FFSLL 1
| #define HAVE_RAW_DECL_MEMMEM 1
| #define HAVE_RAW_DECL_STPCPY 1
| #define HAVE_RAW_DECL_STPNCPY 1
| #define HAVE_RAW_DECL_STRDUP 1
| #define HAVE_RAW_DECL_STRNCAT 1
| #define HAVE_RAW_DECL_STRNDUP 1
| #define HAVE_RAW_DECL_STRNLEN 1
| #define HAVE_RAW_DECL_STRPBRK 1
| #define HAVE_RAW_DECL_STRSEP 1
| #define HAVE_RAW_DECL_STRCASESTR 1
| #define HAVE_RAW_DECL_STRTOK_R 1
| #define HAVE_RAW_DECL_STRERROR_R 1
| #define HAVE_RAW_DECL_STRSIGNAL 1
| #define HAVE_ALLOCA 1
| #define GNULIB_CANONICALIZE_LGPL 1
| #define GNULIB_TEST_CANONICALIZE_FILE_NAME 1
| #define GNULIB_TEST_REALPATH 1
| #define GNULIB_TEST_ENVIRON 1
| #define GNULIB_TEST_LSTAT 1
| #define HAVE_DECL_PROGRAM_INVOCATION_NAME 0
| #define HAVE_DECL_PROGRAM_INVOCATION_SHORT_NAME 0
| #define READLINK_TRAILING_SLASH_BUG 1
| #define GNULIB_TEST_READLINK 1
| #define HAVE_SEARCH_H 1
| #define HAVE_TSEARCH 1
| #define REPLACE_FUNC_STAT_FILE 1
| #define GNULIB_TEST_STAT 1
| #define HAVE_RAW_DECL__EXIT 1
| #define HAVE_RAW_DECL_ATOLL 1
| #define HAVE_RAW_DECL_GETLOADAVG 1
| #define HAVE_RAW_DECL_GETSUBOPT 1
| #define HAVE_RAW_DECL_GRANTPT 1
| #define HAVE_RAW_DECL_INITSTATE 1
| #define HAVE_RAW_DECL_MKSTEMP 1
| #define HAVE_RAW_DECL_POSIX_OPENPT 1
| #define HAVE_RAW_DECL_PTSNAME 1
| #define HAVE_RAW_DECL_PTSNAME_R 1
| #define HAVE_RAW_DECL_RANDOM 1
| #define HAVE_RAW_DECL_REALPATH 1
| #define HAVE_RAW_DECL_RPMATCH 1
| #define HAVE_RAW_DECL_SETENV 1
| #define HAVE_RAW_DECL_SETSTATE 1
| #define HAVE_RAW_DECL_SRANDOM 1
| #define HAVE_RAW_DECL_STRTOD 1
| #define HAVE_RAW_DECL_STRTOLL 1
| #define HAVE_RAW_DECL_STRTOULL 1
| #define HAVE_RAW_DECL_UNLOCKPT 1
| #define HAVE_RAW_DECL_UNSETENV 1
| #define GNULIB_STRERROR 1
| #define GNULIB_TEST_STRERROR 1
| #define HAVE_RAW_DECL_FCHMODAT 1
| #define HAVE_RAW_DECL_FSTAT 1
| #define HAVE_RAW_DECL_FSTATAT 1
| #define HAVE_RAW_DECL_FUTIMENS 1
| #define HAVE_RAW_DECL_LCHMOD 1
| #define HAVE_RAW_DECL_LSTAT 1
| #define HAVE_RAW_DECL_MKDIRAT 1
| #define HAVE_RAW_DECL_MKFIFO 1
| #define HAVE_RAW_DECL_MKFIFOAT 1
| #define HAVE_RAW_DECL_MKNOD 1
| #define HAVE_RAW_DECL_MKNODAT 1
| #define HAVE_RAW_DECL_STAT 1
| #define HAVE_RAW_DECL_UTIMENSAT 1
| #define HAVE_RAW_DECL_CHDIR 1
| #define HAVE_RAW_DECL_CHOWN 1
| #define HAVE_RAW_DECL_DUP 1
| #define HAVE_RAW_DECL_DUP2 1
| #define HAVE_RAW_DECL_FACCESSAT 1
| #define HAVE_RAW_DECL_FCHDIR 1
| #define HAVE_RAW_DECL_FCHOWNAT 1
| #define HAVE_RAW_DECL_FSYNC 1
| #define HAVE_RAW_DECL_FTRUNCATE 1
| #define HAVE_RAW_DECL_GETCWD 1
| #define HAVE_RAW_DECL_GETDOMAINNAME 1
| #define HAVE_RAW_DECL_GETDTABLESIZE 1
| #define HAVE_RAW_DECL_GETGROUPS 1
| #define HAVE_RAW_DECL_GETHOSTNAME 1
| #define HAVE_RAW_DECL_GETLOGIN 1
| #define HAVE_RAW_DECL_GETLOGIN_R 1
| #define HAVE_RAW_DECL_GETPAGESIZE 1
| #define HAVE_RAW_DECL_GETUSERSHELL 1
| #define HAVE_RAW_DECL_SETUSERSHELL 1
| #define HAVE_RAW_DECL_ENDUSERSHELL 1
| #define HAVE_RAW_DECL_ISATTY 1
| #define HAVE_RAW_DECL_LCHOWN 1
| #define HAVE_RAW_DECL_LINK 1
| #define HAVE_RAW_DECL_LINKAT 1
| #define HAVE_RAW_DECL_LSEEK 1
| #define HAVE_RAW_DECL_PIPE 1
| /* end confdefs.h.  */
| 
| #if HAVE_UNISTD_H
| # include <unistd.h>
| #endif
| /* Some systems declare various items in the wrong headers.  */
| #if !(defined __GLIBC__ && !defined __UCLIBC__)
| # include <fcntl.h>
| # include <stdio.h>
| # include <stdlib.h>
| # if (defined _WIN32 || defined __WIN32__) && ! defined __CYGWIN__
| #  include <io.h>
| # endif
| #endif
| 
| int
| main (void)
| {
| #undef pipe2
|   (void) pipe2;
|   ;
|   return 0;
| }
configure:26747: result: no
configure:26705: checking whether pread is declared without a macro
configure:26736: gcc -c -g -O2  conftest.c >&5
configure:26736: $? = 0
configure:26747: result: yes
configure:26705: checking whether pwrite is declared without a macro
configure:26736: gcc -c -g -O2  conftest.c >&5
configure:26736: $? = 0
configure:26747: result: yes
configure:26705: checking whether readlink is declared without a macro
configure:26736: gcc -c -g -O2  conftest.c >&5
configure:26736: $? = 0
configure:26747: result: yes
configure:26705: checking whether readlinkat is declared without a macro
configure:26736: gcc -c -g -O2  conftest.c >&5
configure:26736: $? = 0
configure:26747: result: yes
configure:26705: checking whether rmdir is declared without a macro
configure:26736: gcc -c -g -O2  conftest.c >&5
configure:26736: $? = 0
configure:26747: result: yes
configure:26705: checking whether sethostname is declared without a macro
configure:26736: gcc -c -g -O2  conftest.c >&5
configure:26736: $? = 0
configure:26747: result: yes
configure:26705: checking whether sleep is declared without a macro
configure:26736: gcc -c -g -O2  conftest.c >&5
configure:26736: $? = 0
configure:26747: result: yes
configure:26705: checking whether symlink is declared without a macro
configure:26736: gcc -c -g -O2  conftest.c >&5
configure:26736: $? = 0
configure:26747: result: yes
configure:26705: checking whether symlinkat is declared without a macro
configure:26736: gcc -c -g -O2  conftest.c >&5
configure:26736: $? = 0
configure:26747: result: yes
configure:26705: checking whether ttyname_r is declared without a macro
configure:26736: gcc -c -g -O2  conftest.c >&5
configure:26736: $? = 0
configure:26747: result: yes
configure:26705: checking whether unlink is declared without a macro
configure:26736: gcc -c -g -O2  conftest.c >&5
configure:26736: $? = 0
configure:26747: result: yes
configure:26705: checking whether unlinkat is declared without a macro
configure:26736: gcc -c -g -O2  conftest.c >&5
configure:26736: $? = 0
configure:26747: result: yes
configure:26705: checking whether usleep is declared without a macro
configure:26736: gcc -c -g -O2  conftest.c >&5
configure:26736: $? = 0
configure:26747: result: yes
configure:26810: checking for egrep
configure:26880: result: /usr/bin/grep -E
configure:26888: checking for malloc.h
configure:26888: g++ -std=gnu++11 -c -g -O2  conftest.cpp >&5
conftest.cpp:187:10: fatal error: 'malloc.h' file not found
#include <malloc.h>
         ^~~~~~~~~~
1 error generated.
configure:26888: $? = 1
configure: failed program was:
| /* confdefs.h */
| #define PACKAGE_NAME "latte-int"
| #define PACKAGE_TARNAME "latte-int"
| #define PACKAGE_VERSION "1.7.6"
| #define PACKAGE_STRING "latte-int 1.7.6"
| #define PACKAGE_BUGREPORT ""
| #define PACKAGE_URL ""
| #define PACKAGE "latte-int"
| #define VERSION "1.7.6"
| #define HAVE_STDIO_H 1
| #define HAVE_STDLIB_H 1
| #define HAVE_STRING_H 1
| #define HAVE_INTTYPES_H 1
| #define HAVE_STDINT_H 1
| #define HAVE_STRINGS_H 1
| #define HAVE_SYS_STAT_H 1
| #define HAVE_SYS_TYPES_H 1
| #define HAVE_UNISTD_H 1
| #define STDC_HEADERS 1
| #define __EXTENSIONS__ 1
| #define _ALL_SOURCE 1
| #define _DARWIN_C_SOURCE 1
| #define _GNU_SOURCE 1
| #define _POSIX_PTHREAD_SEMANTICS 1
| #define _TANDEM_SOURCE 1
| #define HAVE_DLFCN_H 1
| #define LT_OBJDIR ".libs/"
| #define HAVE_ALLOCA_H 1
| #define HAVE_ALLOCA 1
| #define HAVE_GETCWD 1
| #define HAVE_READLINK 1
| #define HAVE_REALPATH 1
| #define HAVE_READLINKAT 1
| #define HAVE_LSTAT 1
| #define HAVE_SETENV 1
| #define HAVE_SYS_PARAM_H 1
| #define HAVE_UNISTD_H 1
| #define HAVE_WCHAR_H 1
| #define HAVE_STDINT_H 1
| #define HAVE_SYS_SOCKET_H 1
| #define HAVE_SYS_STAT_H 1
| #define HAVE_SYS_TIME_H 1
| #define HAVE_DECL_STRERROR_R 1
| #define HAVE_STRERROR_R 1
| #define MALLOC_0_IS_NONNULL 1
| #define HAVE_UNSIGNED_LONG_LONG_INT 1
| #define HAVE_LONG_LONG_INT 1
| #define INSTALLPREFIX "/Users/vaw1/latte"
| #define HAVE_DECL_SETENV 1
| #define HAVE__BOOL 1
| #define HAVE_WCHAR_T 1
| #define REPLACE_STRERROR_0 1
| #define restrict __restrict__
| #define HAVE_RAW_DECL_FFSL 1
| #define HAVE_RAW_DECL_FFSLL 1
| #define HAVE_RAW_DECL_MEMMEM 1
| #define HAVE_RAW_DECL_STPCPY 1
| #define HAVE_RAW_DECL_STPNCPY 1
| #define HAVE_RAW_DECL_STRDUP 1
| #define HAVE_RAW_DECL_STRNCAT 1
| #define HAVE_RAW_DECL_STRNDUP 1
| #define HAVE_RAW_DECL_STRNLEN 1
| #define HAVE_RAW_DECL_STRPBRK 1
| #define HAVE_RAW_DECL_STRSEP 1
| #define HAVE_RAW_DECL_STRCASESTR 1
| #define HAVE_RAW_DECL_STRTOK_R 1
| #define HAVE_RAW_DECL_STRERROR_R 1
| #define HAVE_RAW_DECL_STRSIGNAL 1
| #define HAVE_ALLOCA 1
| #define GNULIB_CANONICALIZE_LGPL 1
| #define GNULIB_TEST_CANONICALIZE_FILE_NAME 1
| #define GNULIB_TEST_REALPATH 1
| #define GNULIB_TEST_ENVIRON 1
| #define GNULIB_TEST_LSTAT 1
| #define HAVE_DECL_PROGRAM_INVOCATION_NAME 0
| #define HAVE_DECL_PROGRAM_INVOCATION_SHORT_NAME 0
| #define READLINK_TRAILING_SLASH_BUG 1
| #define GNULIB_TEST_READLINK 1
| #define HAVE_SEARCH_H 1
| #define HAVE_TSEARCH 1
| #define REPLACE_FUNC_STAT_FILE 1
| #define GNULIB_TEST_STAT 1
| #define HAVE_RAW_DECL__EXIT 1
| #define HAVE_RAW_DECL_ATOLL 1
| #define HAVE_RAW_DECL_GETLOADAVG 1
| #define HAVE_RAW_DECL_GETSUBOPT 1
| #define HAVE_RAW_DECL_GRANTPT 1
| #define HAVE_RAW_DECL_INITSTATE 1
| #define HAVE_RAW_DECL_MKSTEMP 1
| #define HAVE_RAW_DECL_POSIX_OPENPT 1
| #define HAVE_RAW_DECL_PTSNAME 1
| #define HAVE_RAW_DECL_PTSNAME_R 1
| #define HAVE_RAW_DECL_RANDOM 1
| #define HAVE_RAW_DECL_REALPATH 1
| #define HAVE_RAW_DECL_RPMATCH 1
| #define HAVE_RAW_DECL_SETENV 1
| #define HAVE_RAW_DECL_SETSTATE 1
| #define HAVE_RAW_DECL_SRANDOM 1
| #define HAVE_RAW_DECL_STRTOD 1
| #define HAVE_RAW_DECL_STRTOLL 1
| #define HAVE_RAW_DECL_STRTOULL 1
| #define HAVE_RAW_DECL_UNLOCKPT 1
| #define HAVE_RAW_DECL_UNSETENV 1
| #define GNULIB_STRERROR 1
| #define GNULIB_TEST_STRERROR 1
| #define HAVE_RAW_DECL_FCHMODAT 1
| #define HAVE_RAW_DECL_FSTAT 1
| #define HAVE_RAW_DECL_FSTATAT 1
| #define HAVE_RAW_DECL_FUTIMENS 1
| #define HAVE_RAW_DECL_LCHMOD 1
| #define HAVE_RAW_DECL_LSTAT 1
| #define HAVE_RAW_DECL_MKDIRAT 1
| #define HAVE_RAW_DECL_MKFIFO 1
| #define HAVE_RAW_DECL_MKFIFOAT 1
| #define HAVE_RAW_DECL_MKNOD 1
| #define HAVE_RAW_DECL_MKNODAT 1
| #define HAVE_RAW_DECL_STAT 1
| #define HAVE_RAW_DECL_UTIMENSAT 1
| #define HAVE_RAW_DECL_CHDIR 1
| #define HAVE_RAW_DECL_CHOWN 1
| #define HAVE_RAW_DECL_DUP 1
| #define HAVE_RAW_DECL_DUP2 1
| #define HAVE_RAW_DECL_FACCESSAT 1
| #define HAVE_RAW_DECL_FCHDIR 1
| #define HAVE_RAW_DECL_FCHOWNAT 1
| #define HAVE_RAW_DECL_FSYNC 1
| #define HAVE_RAW_DECL_FTRUNCATE 1
| #define HAVE_RAW_DECL_GETCWD 1
| #define HAVE_RAW_DECL_GETDOMAINNAME 1
| #define HAVE_RAW_DECL_GETDTABLESIZE 1
| #define HAVE_RAW_DECL_GETGROUPS 1
| #define HAVE_RAW_DECL_GETHOSTNAME 1
| #define HAVE_RAW_DECL_GETLOGIN 1
| #define HAVE_RAW_DECL_GETLOGIN_R 1
| #define HAVE_RAW_DECL_GETPAGESIZE 1
| #define HAVE_RAW_DECL_GETUSERSHELL 1
| #define HAVE_RAW_DECL_SETUSERSHELL 1
| #define HAVE_RAW_DECL_ENDUSERSHELL 1
| #define HAVE_RAW_DECL_ISATTY 1
| #define HAVE_RAW_DECL_LCHOWN 1
| #define HAVE_RAW_DECL_LINK 1
| #define HAVE_RAW_DECL_LINKAT 1
| #define HAVE_RAW_DECL_LSEEK 1
| #define HAVE_RAW_DECL_PIPE 1
| #define HAVE_RAW_DECL_PREAD 1
| #define HAVE_RAW_DECL_PWRITE 1
| #define HAVE_RAW_DECL_READLINK 1
| #define HAVE_RAW_DECL_READLINKAT 1
| #define HAVE_RAW_DECL_RMDIR 1
| #define HAVE_RAW_DECL_SETHOSTNAME 1
| #define HAVE_RAW_DECL_SLEEP 1
| #define HAVE_RAW_DECL_SYMLINK 1
| #define HAVE_RAW_DECL_SYMLINKAT 1
| #define HAVE_RAW_DECL_TTYNAME_R 1
| #define HAVE_RAW_DECL_UNLINK 1
| #define HAVE_RAW_DECL_UNLINKAT 1
| #define HAVE_RAW_DECL_USLEEP 1
| /* end confdefs.h.  */
| #include <stddef.h>
| #ifdef HAVE_STDIO_H
| # include <stdio.h>
| #endif
| #ifdef HAVE_STDLIB_H
| # include <stdlib.h>
| #endif
| #ifdef HAVE_STRING_H
| # include <string.h>
| #endif
| #ifdef HAVE_INTTYPES_H
| # include <inttypes.h>
| #endif
| #ifdef HAVE_STDINT_H
| # include <stdint.h>
| #endif
| #ifdef HAVE_STRINGS_H
| # include <strings.h>
| #endif
| #ifdef HAVE_SYS_TYPES_H
| # include <sys/types.h>
| #endif
| #ifdef HAVE_SYS_STAT_H
| # include <sys/stat.h>
| #endif
| #ifdef HAVE_UNISTD_H
| # include <unistd.h>
| #endif
| #include <malloc.h>
configure:26888: result: no
configure:26894: checking for stdlib.h
configure:26894: result: yes
configure:26900: checking for string.h
configure:26900: result: yes
configure:26906: checking for sys/param.h
configure:26906: result: yes
configure:26915: checking for stdbool.h that conforms to C99
configure:26993: result: yes
configure:26995: checking for _Bool
configure:26995: result: yes
configure:27011: checking for an ANSI C-conforming const
configure:27078: g++ -std=gnu++11 -c -g -O2  conftest.cpp >&5
configure:27078: $? = 0
configure:27088: result: yes
configure:27098: checking for GNU libc compatible malloc
configure:27144: result: yes
configure:27167: checking for pow
configure:27167: g++ -std=gnu++11 -o conftest -g -O2   conftest.cpp  >&5
configure:27167: $? = 0
configure:27167: result: yes
configure:27173: checking for sqrt
configure:27173: g++ -std=gnu++11 -o conftest -g -O2   conftest.cpp  >&5
configure:27173: $? = 0
configure:27173: result: yes
configure:27181: checking for sstream
configure:27181: g++ -std=gnu++11 -c -g -O2  conftest.cpp >&5
configure:27181: $? = 0
configure:27181: result: yes
configure:27251: checking for GMP >= 3.1.1
configure:27278: g++ -std=gnu++11 -o conftest -g -O2 -I/Users/vaw1/Downloads/latte/Homebrew/opt/gmp/include   conftest.cpp  -L/Users/vaw1/Downloads/latte/Homebrew/opt/gmp/lib -lgmp >&5
configure:27278: $? = 0
configure:27303: g++ -std=gnu++11 -o conftest -g -O2 -I/Users/vaw1/Downloads/latte/Homebrew/opt/gmp/include   conftest.cpp  -L/Users/vaw1/Downloads/latte/Homebrew/opt/gmp/lib -lgmp >&5
configure:27303: $? = 0
configure:27303: ./conftest
configure:27303: $? = 0
configure:27306: result: found
configure:27314: checking whether GMP is 4.0 or greater
configure:27329: g++ -std=gnu++11 -o conftest -g -O2 -I/Users/vaw1/Downloads/latte/Homebrew/opt/gmp/include   conftest.cpp  -L/Users/vaw1/Downloads/latte/Homebrew/opt/gmp/lib -lgmp >&5
configure:27329: $? = 0
configure:27329: ./conftest
configure:27329: $? = 0
configure:27333: result: yes
configure:27336: checking whether GMP was compiled with --enable-cxx
configure:27351: g++ -std=gnu++11 -o conftest -g -O2 -I/Users/vaw1/Downloads/latte/Homebrew/opt/gmp/include   conftest.cpp  -L/Users/vaw1/Downloads/latte/Homebrew/opt/gmp/lib -lgmp >&5
configure:27351: $? = 0
configure:27351: ./conftest
configure:27351: $? = 0
configure:27354: result: yes
configure:27566: checking for NTL >= 5.4
configure:27595: g++ -std=gnu++11 -o conftest -I. -g -O2 -I/Users/vaw1/Downloads/latte/Homebrew/opt/ntl/include -I/Users/vaw1/Downloads/latte/Homebrew/opt/gmp/include   conftest.cpp  -L/Users/vaw1/Downloads/latte/Homebrew/opt/ntl/lib -lntl -L/Users/vaw1/Downloads/latte/Homebrew/opt/gmp/lib -lgmp -lgmpxx -lgmp >&5
ld: warning: ignoring duplicate libraries: '-lgmp'
configure:27595: $? = 0
configure:27616: g++ -std=gnu++11 -o conftest -I. -g -O2 -I/Users/vaw1/Downloads/latte/Homebrew/opt/ntl/include -I/Users/vaw1/Downloads/latte/Homebrew/opt/gmp/include   conftest.cpp  -L/Users/vaw1/Downloads/latte/Homebrew/opt/ntl/lib -lntl -L/Users/vaw1/Downloads/latte/Homebrew/opt/gmp/lib -lgmp -lgmpxx -lgmp >&5
ld: warning: ignoring duplicate libraries: '-lgmp'
configure:27616: $? = 0
configure:27616: ./conftest
configure:27616: $? = 0
configure:27657: result: found
configure:27823: checking for LIDIA >= 2.1
configure:27854: g++ -std=gnu++11 -o conftest -g -O2 -I/Users/vaw1/latte/include -I/Users/vaw1/Downloads/latte/Homebrew/opt/gmp/include   conftest.cpp  -L/Users/vaw1/latte/lib -lLiDIA -L/Users/vaw1/Downloads/latte/Homebrew/opt/gmp/lib -lgmp -lgmpxx -lgmp >&5
conftest.cpp:171:10: fatal error: 'LiDIA/bigint.h' file not found
#include <LiDIA/bigint.h>
         ^~~~~~~~~~~~~~~~
1 error generated.
configure:27854: $? = 1
configure: failed program was:
| /* confdefs.h */
| #define PACKAGE_NAME "latte-int"
| #define PACKAGE_TARNAME "latte-int"
| #define PACKAGE_VERSION "1.7.6"
| #define PACKAGE_STRING "latte-int 1.7.6"
| #define PACKAGE_BUGREPORT ""
| #define PACKAGE_URL ""
| #define PACKAGE "latte-int"
| #define VERSION "1.7.6"
| #define HAVE_STDIO_H 1
| #define HAVE_STDLIB_H 1
| #define HAVE_STRING_H 1
| #define HAVE_INTTYPES_H 1
| #define HAVE_STDINT_H 1
| #define HAVE_STRINGS_H 1
| #define HAVE_SYS_STAT_H 1
| #define HAVE_SYS_TYPES_H 1
| #define HAVE_UNISTD_H 1
| #define STDC_HEADERS 1
| #define __EXTENSIONS__ 1
| #define _ALL_SOURCE 1
| #define _DARWIN_C_SOURCE 1
| #define _GNU_SOURCE 1
| #define _POSIX_PTHREAD_SEMANTICS 1
| #define _TANDEM_SOURCE 1
| #define HAVE_DLFCN_H 1
| #define LT_OBJDIR ".libs/"
| #define HAVE_ALLOCA_H 1
| #define HAVE_ALLOCA 1
| #define HAVE_GETCWD 1
| #define HAVE_READLINK 1
| #define HAVE_REALPATH 1
| #define HAVE_READLINKAT 1
| #define HAVE_LSTAT 1
| #define HAVE_SETENV 1
| #define HAVE_SYS_PARAM_H 1
| #define HAVE_UNISTD_H 1
| #define HAVE_WCHAR_H 1
| #define HAVE_STDINT_H 1
| #define HAVE_SYS_SOCKET_H 1
| #define HAVE_SYS_STAT_H 1
| #define HAVE_SYS_TIME_H 1
| #define HAVE_DECL_STRERROR_R 1
| #define HAVE_STRERROR_R 1
| #define MALLOC_0_IS_NONNULL 1
| #define HAVE_UNSIGNED_LONG_LONG_INT 1
| #define HAVE_LONG_LONG_INT 1
| #define INSTALLPREFIX "/Users/vaw1/latte"
| #define HAVE_DECL_SETENV 1
| #define HAVE__BOOL 1
| #define HAVE_WCHAR_T 1
| #define REPLACE_STRERROR_0 1
| #define restrict __restrict__
| #define HAVE_RAW_DECL_FFSL 1
| #define HAVE_RAW_DECL_FFSLL 1
| #define HAVE_RAW_DECL_MEMMEM 1
| #define HAVE_RAW_DECL_STPCPY 1
| #define HAVE_RAW_DECL_STPNCPY 1
| #define HAVE_RAW_DECL_STRDUP 1
| #define HAVE_RAW_DECL_STRNCAT 1
| #define HAVE_RAW_DECL_STRNDUP 1
| #define HAVE_RAW_DECL_STRNLEN 1
| #define HAVE_RAW_DECL_STRPBRK 1
| #define HAVE_RAW_DECL_STRSEP 1
| #define HAVE_RAW_DECL_STRCASESTR 1
| #define HAVE_RAW_DECL_STRTOK_R 1
| #define HAVE_RAW_DECL_STRERROR_R 1
| #define HAVE_RAW_DECL_STRSIGNAL 1
| #define HAVE_ALLOCA 1
| #define GNULIB_CANONICALIZE_LGPL 1
| #define GNULIB_TEST_CANONICALIZE_FILE_NAME 1
| #define GNULIB_TEST_REALPATH 1
| #define GNULIB_TEST_ENVIRON 1
| #define GNULIB_TEST_LSTAT 1
| #define HAVE_DECL_PROGRAM_INVOCATION_NAME 0
| #define HAVE_DECL_PROGRAM_INVOCATION_SHORT_NAME 0
| #define READLINK_TRAILING_SLASH_BUG 1
| #define GNULIB_TEST_READLINK 1
| #define HAVE_SEARCH_H 1
| #define HAVE_TSEARCH 1
| #define REPLACE_FUNC_STAT_FILE 1
| #define GNULIB_TEST_STAT 1
| #define HAVE_RAW_DECL__EXIT 1
| #define HAVE_RAW_DECL_ATOLL 1
| #define HAVE_RAW_DECL_GETLOADAVG 1
| #define HAVE_RAW_DECL_GETSUBOPT 1
| #define HAVE_RAW_DECL_GRANTPT 1
| #define HAVE_RAW_DECL_INITSTATE 1
| #define HAVE_RAW_DECL_MKSTEMP 1
| #define HAVE_RAW_DECL_POSIX_OPENPT 1
| #define HAVE_RAW_DECL_PTSNAME 1
| #define HAVE_RAW_DECL_PTSNAME_R 1
| #define HAVE_RAW_DECL_RANDOM 1
| #define HAVE_RAW_DECL_REALPATH 1
| #define HAVE_RAW_DECL_RPMATCH 1
| #define HAVE_RAW_DECL_SETENV 1
| #define HAVE_RAW_DECL_SETSTATE 1
| #define HAVE_RAW_DECL_SRANDOM 1
| #define HAVE_RAW_DECL_STRTOD 1
| #define HAVE_RAW_DECL_STRTOLL 1
| #define HAVE_RAW_DECL_STRTOULL 1
| #define HAVE_RAW_DECL_UNLOCKPT 1
| #define HAVE_RAW_DECL_UNSETENV 1
| #define GNULIB_STRERROR 1
| #define GNULIB_TEST_STRERROR 1
| #define HAVE_RAW_DECL_FCHMODAT 1
| #define HAVE_RAW_DECL_FSTAT 1
| #define HAVE_RAW_DECL_FSTATAT 1
| #define HAVE_RAW_DECL_FUTIMENS 1
| #define HAVE_RAW_DECL_LCHMOD 1
| #define HAVE_RAW_DECL_LSTAT 1
| #define HAVE_RAW_DECL_MKDIRAT 1
| #define HAVE_RAW_DECL_MKFIFO 1
| #define HAVE_RAW_DECL_MKFIFOAT 1
| #define HAVE_RAW_DECL_MKNOD 1
| #define HAVE_RAW_DECL_MKNODAT 1
| #define HAVE_RAW_DECL_STAT 1
| #define HAVE_RAW_DECL_UTIMENSAT 1
| #define HAVE_RAW_DECL_CHDIR 1
| #define HAVE_RAW_DECL_CHOWN 1
| #define HAVE_RAW_DECL_DUP 1
| #define HAVE_RAW_DECL_DUP2 1
| #define HAVE_RAW_DECL_FACCESSAT 1
| #define HAVE_RAW_DECL_FCHDIR 1
| #define HAVE_RAW_DECL_FCHOWNAT 1
| #define HAVE_RAW_DECL_FSYNC 1
| #define HAVE_RAW_DECL_FTRUNCATE 1
| #define HAVE_RAW_DECL_GETCWD 1
| #define HAVE_RAW_DECL_GETDOMAINNAME 1
| #define HAVE_RAW_DECL_GETDTABLESIZE 1
| #define HAVE_RAW_DECL_GETGROUPS 1
| #define HAVE_RAW_DECL_GETHOSTNAME 1
| #define HAVE_RAW_DECL_GETLOGIN 1
| #define HAVE_RAW_DECL_GETLOGIN_R 1
| #define HAVE_RAW_DECL_GETPAGESIZE 1
| #define HAVE_RAW_DECL_GETUSERSHELL 1
| #define HAVE_RAW_DECL_SETUSERSHELL 1
| #define HAVE_RAW_DECL_ENDUSERSHELL 1
| #define HAVE_RAW_DECL_ISATTY 1
| #define HAVE_RAW_DECL_LCHOWN 1
| #define HAVE_RAW_DECL_LINK 1
| #define HAVE_RAW_DECL_LINKAT 1
| #define HAVE_RAW_DECL_LSEEK 1
| #define HAVE_RAW_DECL_PIPE 1
| #define HAVE_RAW_DECL_PREAD 1
| #define HAVE_RAW_DECL_PWRITE 1
| #define HAVE_RAW_DECL_READLINK 1
| #define HAVE_RAW_DECL_READLINKAT 1
| #define HAVE_RAW_DECL_RMDIR 1
| #define HAVE_RAW_DECL_SETHOSTNAME 1
| #define HAVE_RAW_DECL_SLEEP 1
| #define HAVE_RAW_DECL_SYMLINK 1
| #define HAVE_RAW_DECL_SYMLINKAT 1
| #define HAVE_RAW_DECL_TTYNAME_R 1
| #define HAVE_RAW_DECL_UNLINK 1
| #define HAVE_RAW_DECL_UNLINKAT 1
| #define HAVE_RAW_DECL_USLEEP 1
| #define HAVE_STDLIB_H 1
| #define HAVE_STRING_H 1
| #define HAVE_SYS_PARAM_H 1
| #define HAVE__BOOL 1
| #define HAVE_STDBOOL_H 1
| #define HAVE_MALLOC 1
| #define HAVE_POW 1
| #define HAVE_SQRT 1
| #define HAVE_SSTREAM 1
| #define MAPLE_SCRIPT_DIR "/Users/vaw1/latte/share/latte-int"
| #define HAVE_GMP 1
| #define HAVE_NTL 1
| /* end confdefs.h.  */
| #include <LiDIA/bigint.h>
| int
| main (void)
| {
| LiDIA::bigint a;
|   ;
|   return 0;
| }
configure:27929: g++ -std=gnu++11 -o conftest -g -O2 -I/Users/vaw1/latte/include -I/Users/vaw1/Downloads/latte/Homebrew/opt/gmp/include   conftest.cpp  -L/Users/vaw1/latte/lib -lLiDIA -L/Users/vaw1/Downloads/latte/Homebrew/opt/gmp/lib -lgmp -lgmpxx -lgmp >&5
conftest.cpp:171:10: fatal error: 'lidia/bigint.h' file not found
#include <lidia/bigint.h>
         ^~~~~~~~~~~~~~~~
1 error generated.
configure:27929: $? = 1
configure: failed program was:
| /* confdefs.h */
| #define PACKAGE_NAME "latte-int"
| #define PACKAGE_TARNAME "latte-int"
| #define PACKAGE_VERSION "1.7.6"
| #define PACKAGE_STRING "latte-int 1.7.6"
| #define PACKAGE_BUGREPORT ""
| #define PACKAGE_URL ""
| #define PACKAGE "latte-int"
| #define VERSION "1.7.6"
| #define HAVE_STDIO_H 1
| #define HAVE_STDLIB_H 1
| #define HAVE_STRING_H 1
| #define HAVE_INTTYPES_H 1
| #define HAVE_STDINT_H 1
| #define HAVE_STRINGS_H 1
| #define HAVE_SYS_STAT_H 1
| #define HAVE_SYS_TYPES_H 1
| #define HAVE_UNISTD_H 1
| #define STDC_HEADERS 1
| #define __EXTENSIONS__ 1
| #define _ALL_SOURCE 1
| #define _DARWIN_C_SOURCE 1
| #define _GNU_SOURCE 1
| #define _POSIX_PTHREAD_SEMANTICS 1
| #define _TANDEM_SOURCE 1
| #define HAVE_DLFCN_H 1
| #define LT_OBJDIR ".libs/"
| #define HAVE_ALLOCA_H 1
| #define HAVE_ALLOCA 1
| #define HAVE_GETCWD 1
| #define HAVE_READLINK 1
| #define HAVE_REALPATH 1
| #define HAVE_READLINKAT 1
| #define HAVE_LSTAT 1
| #define HAVE_SETENV 1
| #define HAVE_SYS_PARAM_H 1
| #define HAVE_UNISTD_H 1
| #define HAVE_WCHAR_H 1
| #define HAVE_STDINT_H 1
| #define HAVE_SYS_SOCKET_H 1
| #define HAVE_SYS_STAT_H 1
| #define HAVE_SYS_TIME_H 1
| #define HAVE_DECL_STRERROR_R 1
| #define HAVE_STRERROR_R 1
| #define MALLOC_0_IS_NONNULL 1
| #define HAVE_UNSIGNED_LONG_LONG_INT 1
| #define HAVE_LONG_LONG_INT 1
| #define INSTALLPREFIX "/Users/vaw1/latte"
| #define HAVE_DECL_SETENV 1
| #define HAVE__BOOL 1
| #define HAVE_WCHAR_T 1
| #define REPLACE_STRERROR_0 1
| #define restrict __restrict__
| #define HAVE_RAW_DECL_FFSL 1
| #define HAVE_RAW_DECL_FFSLL 1
| #define HAVE_RAW_DECL_MEMMEM 1
| #define HAVE_RAW_DECL_STPCPY 1
| #define HAVE_RAW_DECL_STPNCPY 1
| #define HAVE_RAW_DECL_STRDUP 1
| #define HAVE_RAW_DECL_STRNCAT 1
| #define HAVE_RAW_DECL_STRNDUP 1
| #define HAVE_RAW_DECL_STRNLEN 1
| #define HAVE_RAW_DECL_STRPBRK 1
| #define HAVE_RAW_DECL_STRSEP 1
| #define HAVE_RAW_DECL_STRCASESTR 1
| #define HAVE_RAW_DECL_STRTOK_R 1
| #define HAVE_RAW_DECL_STRERROR_R 1
| #define HAVE_RAW_DECL_STRSIGNAL 1
| #define HAVE_ALLOCA 1
| #define GNULIB_CANONICALIZE_LGPL 1
| #define GNULIB_TEST_CANONICALIZE_FILE_NAME 1
| #define GNULIB_TEST_REALPATH 1
| #define GNULIB_TEST_ENVIRON 1
| #define GNULIB_TEST_LSTAT 1
| #define HAVE_DECL_PROGRAM_INVOCATION_NAME 0
| #define HAVE_DECL_PROGRAM_INVOCATION_SHORT_NAME 0
| #define READLINK_TRAILING_SLASH_BUG 1
| #define GNULIB_TEST_READLINK 1
| #define HAVE_SEARCH_H 1
| #define HAVE_TSEARCH 1
| #define REPLACE_FUNC_STAT_FILE 1
| #define GNULIB_TEST_STAT 1
| #define HAVE_RAW_DECL__EXIT 1
| #define HAVE_RAW_DECL_ATOLL 1
| #define HAVE_RAW_DECL_GETLOADAVG 1
| #define HAVE_RAW_DECL_GETSUBOPT 1
| #define HAVE_RAW_DECL_GRANTPT 1
| #define HAVE_RAW_DECL_INITSTATE 1
| #define HAVE_RAW_DECL_MKSTEMP 1
| #define HAVE_RAW_DECL_POSIX_OPENPT 1
| #define HAVE_RAW_DECL_PTSNAME 1
| #define HAVE_RAW_DECL_PTSNAME_R 1
| #define HAVE_RAW_DECL_RANDOM 1
| #define HAVE_RAW_DECL_REALPATH 1
| #define HAVE_RAW_DECL_RPMATCH 1
| #define HAVE_RAW_DECL_SETENV 1
| #define HAVE_RAW_DECL_SETSTATE 1
| #define HAVE_RAW_DECL_SRANDOM 1
| #define HAVE_RAW_DECL_STRTOD 1
| #define HAVE_RAW_DECL_STRTOLL 1
| #define HAVE_RAW_DECL_STRTOULL 1
| #define HAVE_RAW_DECL_UNLOCKPT 1
| #define HAVE_RAW_DECL_UNSETENV 1
| #define GNULIB_STRERROR 1
| #define GNULIB_TEST_STRERROR 1
| #define HAVE_RAW_DECL_FCHMODAT 1
| #define HAVE_RAW_DECL_FSTAT 1
| #define HAVE_RAW_DECL_FSTATAT 1
| #define HAVE_RAW_DECL_FUTIMENS 1
| #define HAVE_RAW_DECL_LCHMOD 1
| #define HAVE_RAW_DECL_LSTAT 1
| #define HAVE_RAW_DECL_MKDIRAT 1
| #define HAVE_RAW_DECL_MKFIFO 1
| #define HAVE_RAW_DECL_MKFIFOAT 1
| #define HAVE_RAW_DECL_MKNOD 1
| #define HAVE_RAW_DECL_MKNODAT 1
| #define HAVE_RAW_DECL_STAT 1
| #define HAVE_RAW_DECL_UTIMENSAT 1
| #define HAVE_RAW_DECL_CHDIR 1
| #define HAVE_RAW_DECL_CHOWN 1
| #define HAVE_RAW_DECL_DUP 1
| #define HAVE_RAW_DECL_DUP2 1
| #define HAVE_RAW_DECL_FACCESSAT 1
| #define HAVE_RAW_DECL_FCHDIR 1
| #define HAVE_RAW_DECL_FCHOWNAT 1
| #define HAVE_RAW_DECL_FSYNC 1
| #define HAVE_RAW_DECL_FTRUNCATE 1
| #define HAVE_RAW_DECL_GETCWD 1
| #define HAVE_RAW_DECL_GETDOMAINNAME 1
| #define HAVE_RAW_DECL_GETDTABLESIZE 1
| #define HAVE_RAW_DECL_GETGROUPS 1
| #define HAVE_RAW_DECL_GETHOSTNAME 1
| #define HAVE_RAW_DECL_GETLOGIN 1
| #define HAVE_RAW_DECL_GETLOGIN_R 1
| #define HAVE_RAW_DECL_GETPAGESIZE 1
| #define HAVE_RAW_DECL_GETUSERSHELL 1
| #define HAVE_RAW_DECL_SETUSERSHELL 1
| #define HAVE_RAW_DECL_ENDUSERSHELL 1
| #define HAVE_RAW_DECL_ISATTY 1
| #define HAVE_RAW_DECL_LCHOWN 1
| #define HAVE_RAW_DECL_LINK 1
| #define HAVE_RAW_DECL_LINKAT 1
| #define HAVE_RAW_DECL_LSEEK 1
| #define HAVE_RAW_DECL_PIPE 1
| #define HAVE_RAW_DECL_PREAD 1
| #define HAVE_RAW_DECL_PWRITE 1
| #define HAVE_RAW_DECL_READLINK 1
| #define HAVE_RAW_DECL_READLINKAT 1
| #define HAVE_RAW_DECL_RMDIR 1
| #define HAVE_RAW_DECL_SETHOSTNAME 1
| #define HAVE_RAW_DECL_SLEEP 1
| #define HAVE_RAW_DECL_SYMLINK 1
| #define HAVE_RAW_DECL_SYMLINKAT 1
| #define HAVE_RAW_DECL_TTYNAME_R 1
| #define HAVE_RAW_DECL_UNLINK 1
| #define HAVE_RAW_DECL_UNLINKAT 1
| #define HAVE_RAW_DECL_USLEEP 1
| #define HAVE_STDLIB_H 1
| #define HAVE_STRING_H 1
| #define HAVE_SYS_PARAM_H 1
| #define HAVE__BOOL 1
| #define HAVE_STDBOOL_H 1
| #define HAVE_MALLOC 1
| #define HAVE_POW 1
| #define HAVE_SQRT 1
| #define HAVE_SSTREAM 1
| #define MAPLE_SCRIPT_DIR "/Users/vaw1/latte/share/latte-int"
| #define HAVE_GMP 1
| #define HAVE_NTL 1
| /* end confdefs.h.  */
| #include <lidia/bigint.h>
| 
| int
| main (void)
| {
| LiDIA::bigint a;
|   ;
|   return 0;
| }
configure:27854: g++ -std=gnu++11 -o conftest -g -O2  -I/Users/vaw1/Downloads/latte/Homebrew/opt/gmp/include   conftest.cpp  -lLiDIA -L/Users/vaw1/Downloads/latte/Homebrew/opt/gmp/lib -lgmp -lgmpxx -lgmp >&5
conftest.cpp:171:10: fatal error: 'LiDIA/bigint.h' file not found
#include <LiDIA/bigint.h>
         ^~~~~~~~~~~~~~~~
1 error generated.
configure:27854: $? = 1
configure: failed program was:
| /* confdefs.h */
| #define PACKAGE_NAME "latte-int"
| #define PACKAGE_TARNAME "latte-int"
| #define PACKAGE_VERSION "1.7.6"
| #define PACKAGE_STRING "latte-int 1.7.6"
| #define PACKAGE_BUGREPORT ""
| #define PACKAGE_URL ""
| #define PACKAGE "latte-int"
| #define VERSION "1.7.6"
| #define HAVE_STDIO_H 1
| #define HAVE_STDLIB_H 1
| #define HAVE_STRING_H 1
| #define HAVE_INTTYPES_H 1
| #define HAVE_STDINT_H 1
| #define HAVE_STRINGS_H 1
| #define HAVE_SYS_STAT_H 1
| #define HAVE_SYS_TYPES_H 1
| #define HAVE_UNISTD_H 1
| #define STDC_HEADERS 1
| #define __EXTENSIONS__ 1
| #define _ALL_SOURCE 1
| #define _DARWIN_C_SOURCE 1
| #define _GNU_SOURCE 1
| #define _POSIX_PTHREAD_SEMANTICS 1
| #define _TANDEM_SOURCE 1
| #define HAVE_DLFCN_H 1
| #define LT_OBJDIR ".libs/"
| #define HAVE_ALLOCA_H 1
| #define HAVE_ALLOCA 1
| #define HAVE_GETCWD 1
| #define HAVE_READLINK 1
| #define HAVE_REALPATH 1
| #define HAVE_READLINKAT 1
| #define HAVE_LSTAT 1
| #define HAVE_SETENV 1
| #define HAVE_SYS_PARAM_H 1
| #define HAVE_UNISTD_H 1
| #define HAVE_WCHAR_H 1
| #define HAVE_STDINT_H 1
| #define HAVE_SYS_SOCKET_H 1
| #define HAVE_SYS_STAT_H 1
| #define HAVE_SYS_TIME_H 1
| #define HAVE_DECL_STRERROR_R 1
| #define HAVE_STRERROR_R 1
| #define MALLOC_0_IS_NONNULL 1
| #define HAVE_UNSIGNED_LONG_LONG_INT 1
| #define HAVE_LONG_LONG_INT 1
| #define INSTALLPREFIX "/Users/vaw1/latte"
| #define HAVE_DECL_SETENV 1
| #define HAVE__BOOL 1
| #define HAVE_WCHAR_T 1
| #define REPLACE_STRERROR_0 1
| #define restrict __restrict__
| #define HAVE_RAW_DECL_FFSL 1
| #define HAVE_RAW_DECL_FFSLL 1
| #define HAVE_RAW_DECL_MEMMEM 1
| #define HAVE_RAW_DECL_STPCPY 1
| #define HAVE_RAW_DECL_STPNCPY 1
| #define HAVE_RAW_DECL_STRDUP 1
| #define HAVE_RAW_DECL_STRNCAT 1
| #define HAVE_RAW_DECL_STRNDUP 1
| #define HAVE_RAW_DECL_STRNLEN 1
| #define HAVE_RAW_DECL_STRPBRK 1
| #define HAVE_RAW_DECL_STRSEP 1
| #define HAVE_RAW_DECL_STRCASESTR 1
| #define HAVE_RAW_DECL_STRTOK_R 1
| #define HAVE_RAW_DECL_STRERROR_R 1
| #define HAVE_RAW_DECL_STRSIGNAL 1
| #define HAVE_ALLOCA 1
| #define GNULIB_CANONICALIZE_LGPL 1
| #define GNULIB_TEST_CANONICALIZE_FILE_NAME 1
| #define GNULIB_TEST_REALPATH 1
| #define GNULIB_TEST_ENVIRON 1
| #define GNULIB_TEST_LSTAT 1
| #define HAVE_DECL_PROGRAM_INVOCATION_NAME 0
| #define HAVE_DECL_PROGRAM_INVOCATION_SHORT_NAME 0
| #define READLINK_TRAILING_SLASH_BUG 1
| #define GNULIB_TEST_READLINK 1
| #define HAVE_SEARCH_H 1
| #define HAVE_TSEARCH 1
| #define REPLACE_FUNC_STAT_FILE 1
| #define GNULIB_TEST_STAT 1
| #define HAVE_RAW_DECL__EXIT 1
| #define HAVE_RAW_DECL_ATOLL 1
| #define HAVE_RAW_DECL_GETLOADAVG 1
| #define HAVE_RAW_DECL_GETSUBOPT 1
| #define HAVE_RAW_DECL_GRANTPT 1
| #define HAVE_RAW_DECL_INITSTATE 1
| #define HAVE_RAW_DECL_MKSTEMP 1
| #define HAVE_RAW_DECL_POSIX_OPENPT 1
| #define HAVE_RAW_DECL_PTSNAME 1
| #define HAVE_RAW_DECL_PTSNAME_R 1
| #define HAVE_RAW_DECL_RANDOM 1
| #define HAVE_RAW_DECL_REALPATH 1
| #define HAVE_RAW_DECL_RPMATCH 1
| #define HAVE_RAW_DECL_SETENV 1
| #define HAVE_RAW_DECL_SETSTATE 1
| #define HAVE_RAW_DECL_SRANDOM 1
| #define HAVE_RAW_DECL_STRTOD 1
| #define HAVE_RAW_DECL_STRTOLL 1
| #define HAVE_RAW_DECL_STRTOULL 1
| #define HAVE_RAW_DECL_UNLOCKPT 1
| #define HAVE_RAW_DECL_UNSETENV 1
| #define GNULIB_STRERROR 1
| #define GNULIB_TEST_STRERROR 1
| #define HAVE_RAW_DECL_FCHMODAT 1
| #define HAVE_RAW_DECL_FSTAT 1
| #define HAVE_RAW_DECL_FSTATAT 1
| #define HAVE_RAW_DECL_FUTIMENS 1
| #define HAVE_RAW_DECL_LCHMOD 1
| #define HAVE_RAW_DECL_LSTAT 1
| #define HAVE_RAW_DECL_MKDIRAT 1
| #define HAVE_RAW_DECL_MKFIFO 1
| #define HAVE_RAW_DECL_MKFIFOAT 1
| #define HAVE_RAW_DECL_MKNOD 1
| #define HAVE_RAW_DECL_MKNODAT 1
| #define HAVE_RAW_DECL_STAT 1
| #define HAVE_RAW_DECL_UTIMENSAT 1
| #define HAVE_RAW_DECL_CHDIR 1
| #define HAVE_RAW_DECL_CHOWN 1
| #define HAVE_RAW_DECL_DUP 1
| #define HAVE_RAW_DECL_DUP2 1
| #define HAVE_RAW_DECL_FACCESSAT 1
| #define HAVE_RAW_DECL_FCHDIR 1
| #define HAVE_RAW_DECL_FCHOWNAT 1
| #define HAVE_RAW_DECL_FSYNC 1
| #define HAVE_RAW_DECL_FTRUNCATE 1
| #define HAVE_RAW_DECL_GETCWD 1
| #define HAVE_RAW_DECL_GETDOMAINNAME 1
| #define HAVE_RAW_DECL_GETDTABLESIZE 1
| #define HAVE_RAW_DECL_GETGROUPS 1
| #define HAVE_RAW_DECL_GETHOSTNAME 1
| #define HAVE_RAW_DECL_GETLOGIN 1
| #define HAVE_RAW_DECL_GETLOGIN_R 1
| #define HAVE_RAW_DECL_GETPAGESIZE 1
| #define HAVE_RAW_DECL_GETUSERSHELL 1
| #define HAVE_RAW_DECL_SETUSERSHELL 1
| #define HAVE_RAW_DECL_ENDUSERSHELL 1
| #define HAVE_RAW_DECL_ISATTY 1
| #define HAVE_RAW_DECL_LCHOWN 1
| #define HAVE_RAW_DECL_LINK 1
| #define HAVE_RAW_DECL_LINKAT 1
| #define HAVE_RAW_DECL_LSEEK 1
| #define HAVE_RAW_DECL_PIPE 1
| #define HAVE_RAW_DECL_PREAD 1
| #define HAVE_RAW_DECL_PWRITE 1
| #define HAVE_RAW_DECL_READLINK 1
| #define HAVE_RAW_DECL_READLINKAT 1
| #define HAVE_RAW_DECL_RMDIR 1
| #define HAVE_RAW_DECL_SETHOSTNAME 1
| #define HAVE_RAW_DECL_SLEEP 1
| #define HAVE_RAW_DECL_SYMLINK 1
| #define HAVE_RAW_DECL_SYMLINKAT 1
| #define HAVE_RAW_DECL_TTYNAME_R 1
| #define HAVE_RAW_DECL_UNLINK 1
| #define HAVE_RAW_DECL_UNLINKAT 1
| #define HAVE_RAW_DECL_USLEEP 1
| #define HAVE_STDLIB_H 1
| #define HAVE_STRING_H 1
| #define HAVE_SYS_PARAM_H 1
| #define HAVE__BOOL 1
| #define HAVE_STDBOOL_H 1
| #define HAVE_MALLOC 1
| #define HAVE_POW 1
| #define HAVE_SQRT 1
| #define HAVE_SSTREAM 1
| #define MAPLE_SCRIPT_DIR "/Users/vaw1/latte/share/latte-int"
| #define HAVE_GMP 1
| #define HAVE_NTL 1
| /* end confdefs.h.  */
| #include <LiDIA/bigint.h>
| int
| main (void)
| {
| LiDIA::bigint a;
|   ;
|   return 0;
| }
configure:27929: g++ -std=gnu++11 -o conftest -g -O2 -IDEFAULTS/include -I/Users/vaw1/Downloads/latte/Homebrew/opt/gmp/include   conftest.cpp  -LDEFAULTS/lib -lLiDIA -L/Users/vaw1/Downloads/latte/Homebrew/opt/gmp/lib -lgmp -lgmpxx -lgmp >&5
conftest.cpp:171:10: fatal error: 'lidia/bigint.h' file not found
#include <lidia/bigint.h>
         ^~~~~~~~~~~~~~~~
1 error generated.
configure:27929: $? = 1
configure: failed program was:
| /* confdefs.h */
| #define PACKAGE_NAME "latte-int"
| #define PACKAGE_TARNAME "latte-int"
| #define PACKAGE_VERSION "1.7.6"
| #define PACKAGE_STRING "latte-int 1.7.6"
| #define PACKAGE_BUGREPORT ""
| #define PACKAGE_URL ""
| #define PACKAGE "latte-int"
| #define VERSION "1.7.6"
| #define HAVE_STDIO_H 1
| #define HAVE_STDLIB_H 1
| #define HAVE_STRING_H 1
| #define HAVE_INTTYPES_H 1
| #define HAVE_STDINT_H 1
| #define HAVE_STRINGS_H 1
| #define HAVE_SYS_STAT_H 1
| #define HAVE_SYS_TYPES_H 1
| #define HAVE_UNISTD_H 1
| #define STDC_HEADERS 1
| #define __EXTENSIONS__ 1
| #define _ALL_SOURCE 1
| #define _DARWIN_C_SOURCE 1
| #define _GNU_SOURCE 1
| #define _POSIX_PTHREAD_SEMANTICS 1
| #define _TANDEM_SOURCE 1
| #define HAVE_DLFCN_H 1
| #define LT_OBJDIR ".libs/"
| #define HAVE_ALLOCA_H 1
| #define HAVE_ALLOCA 1
| #define HAVE_GETCWD 1
| #define HAVE_READLINK 1
| #define HAVE_REALPATH 1
| #define HAVE_READLINKAT 1
| #define HAVE_LSTAT 1
| #define HAVE_SETENV 1
| #define HAVE_SYS_PARAM_H 1
| #define HAVE_UNISTD_H 1
| #define HAVE_WCHAR_H 1
| #define HAVE_STDINT_H 1
| #define HAVE_SYS_SOCKET_H 1
| #define HAVE_SYS_STAT_H 1
| #define HAVE_SYS_TIME_H 1
| #define HAVE_DECL_STRERROR_R 1
| #define HAVE_STRERROR_R 1
| #define MALLOC_0_IS_NONNULL 1
| #define HAVE_UNSIGNED_LONG_LONG_INT 1
| #define HAVE_LONG_LONG_INT 1
| #define INSTALLPREFIX "/Users/vaw1/latte"
| #define HAVE_DECL_SETENV 1
| #define HAVE__BOOL 1
| #define HAVE_WCHAR_T 1
| #define REPLACE_STRERROR_0 1
| #define restrict __restrict__
| #define HAVE_RAW_DECL_FFSL 1
| #define HAVE_RAW_DECL_FFSLL 1
| #define HAVE_RAW_DECL_MEMMEM 1
| #define HAVE_RAW_DECL_STPCPY 1
| #define HAVE_RAW_DECL_STPNCPY 1
| #define HAVE_RAW_DECL_STRDUP 1
| #define HAVE_RAW_DECL_STRNCAT 1
| #define HAVE_RAW_DECL_STRNDUP 1
| #define HAVE_RAW_DECL_STRNLEN 1
| #define HAVE_RAW_DECL_STRPBRK 1
| #define HAVE_RAW_DECL_STRSEP 1
| #define HAVE_RAW_DECL_STRCASESTR 1
| #define HAVE_RAW_DECL_STRTOK_R 1
| #define HAVE_RAW_DECL_STRERROR_R 1
| #define HAVE_RAW_DECL_STRSIGNAL 1
| #define HAVE_ALLOCA 1
| #define GNULIB_CANONICALIZE_LGPL 1
| #define GNULIB_TEST_CANONICALIZE_FILE_NAME 1
| #define GNULIB_TEST_REALPATH 1
| #define GNULIB_TEST_ENVIRON 1
| #define GNULIB_TEST_LSTAT 1
| #define HAVE_DECL_PROGRAM_INVOCATION_NAME 0
| #define HAVE_DECL_PROGRAM_INVOCATION_SHORT_NAME 0
| #define READLINK_TRAILING_SLASH_BUG 1
| #define GNULIB_TEST_READLINK 1
| #define HAVE_SEARCH_H 1
| #define HAVE_TSEARCH 1
| #define REPLACE_FUNC_STAT_FILE 1
| #define GNULIB_TEST_STAT 1
| #define HAVE_RAW_DECL__EXIT 1
| #define HAVE_RAW_DECL_ATOLL 1
| #define HAVE_RAW_DECL_GETLOADAVG 1
| #define HAVE_RAW_DECL_GETSUBOPT 1
| #define HAVE_RAW_DECL_GRANTPT 1
| #define HAVE_RAW_DECL_INITSTATE 1
| #define HAVE_RAW_DECL_MKSTEMP 1
| #define HAVE_RAW_DECL_POSIX_OPENPT 1
| #define HAVE_RAW_DECL_PTSNAME 1
| #define HAVE_RAW_DECL_PTSNAME_R 1
| #define HAVE_RAW_DECL_RANDOM 1
| #define HAVE_RAW_DECL_REALPATH 1
| #define HAVE_RAW_DECL_RPMATCH 1
| #define HAVE_RAW_DECL_SETENV 1
| #define HAVE_RAW_DECL_SETSTATE 1
| #define HAVE_RAW_DECL_SRANDOM 1
| #define HAVE_RAW_DECL_STRTOD 1
| #define HAVE_RAW_DECL_STRTOLL 1
| #define HAVE_RAW_DECL_STRTOULL 1
| #define HAVE_RAW_DECL_UNLOCKPT 1
| #define HAVE_RAW_DECL_UNSETENV 1
| #define GNULIB_STRERROR 1
| #define GNULIB_TEST_STRERROR 1
| #define HAVE_RAW_DECL_FCHMODAT 1
| #define HAVE_RAW_DECL_FSTAT 1
| #define HAVE_RAW_DECL_FSTATAT 1
| #define HAVE_RAW_DECL_FUTIMENS 1
| #define HAVE_RAW_DECL_LCHMOD 1
| #define HAVE_RAW_DECL_LSTAT 1
| #define HAVE_RAW_DECL_MKDIRAT 1
| #define HAVE_RAW_DECL_MKFIFO 1
| #define HAVE_RAW_DECL_MKFIFOAT 1
| #define HAVE_RAW_DECL_MKNOD 1
| #define HAVE_RAW_DECL_MKNODAT 1
| #define HAVE_RAW_DECL_STAT 1
| #define HAVE_RAW_DECL_UTIMENSAT 1
| #define HAVE_RAW_DECL_CHDIR 1
| #define HAVE_RAW_DECL_CHOWN 1
| #define HAVE_RAW_DECL_DUP 1
| #define HAVE_RAW_DECL_DUP2 1
| #define HAVE_RAW_DECL_FACCESSAT 1
| #define HAVE_RAW_DECL_FCHDIR 1
| #define HAVE_RAW_DECL_FCHOWNAT 1
| #define HAVE_RAW_DECL_FSYNC 1
| #define HAVE_RAW_DECL_FTRUNCATE 1
| #define HAVE_RAW_DECL_GETCWD 1
| #define HAVE_RAW_DECL_GETDOMAINNAME 1
| #define HAVE_RAW_DECL_GETDTABLESIZE 1
| #define HAVE_RAW_DECL_GETGROUPS 1
| #define HAVE_RAW_DECL_GETHOSTNAME 1
| #define HAVE_RAW_DECL_GETLOGIN 1
| #define HAVE_RAW_DECL_GETLOGIN_R 1
| #define HAVE_RAW_DECL_GETPAGESIZE 1
| #define HAVE_RAW_DECL_GETUSERSHELL 1
| #define HAVE_RAW_DECL_SETUSERSHELL 1
| #define HAVE_RAW_DECL_ENDUSERSHELL 1
| #define HAVE_RAW_DECL_ISATTY 1
| #define HAVE_RAW_DECL_LCHOWN 1
| #define HAVE_RAW_DECL_LINK 1
| #define HAVE_RAW_DECL_LINKAT 1
| #define HAVE_RAW_DECL_LSEEK 1
| #define HAVE_RAW_DECL_PIPE 1
| #define HAVE_RAW_DECL_PREAD 1
| #define HAVE_RAW_DECL_PWRITE 1
| #define HAVE_RAW_DECL_READLINK 1
| #define HAVE_RAW_DECL_READLINKAT 1
| #define HAVE_RAW_DECL_RMDIR 1
| #define HAVE_RAW_DECL_SETHOSTNAME 1
| #define HAVE_RAW_DECL_SLEEP 1
| #define HAVE_RAW_DECL_SYMLINK 1
| #define HAVE_RAW_DECL_SYMLINKAT 1
| #define HAVE_RAW_DECL_TTYNAME_R 1
| #define HAVE_RAW_DECL_UNLINK 1
| #define HAVE_RAW_DECL_UNLINKAT 1
| #define HAVE_RAW_DECL_USLEEP 1
| #define HAVE_STDLIB_H 1
| #define HAVE_STRING_H 1
| #define HAVE_SYS_PARAM_H 1
| #define HAVE__BOOL 1
| #define HAVE_STDBOOL_H 1
| #define HAVE_MALLOC 1
| #define HAVE_POW 1
| #define HAVE_SQRT 1
| #define HAVE_SSTREAM 1
| #define MAPLE_SCRIPT_DIR "/Users/vaw1/latte/share/latte-int"
| #define HAVE_GMP 1
| #define HAVE_NTL 1
| /* end confdefs.h.  */
| #include <lidia/bigint.h>
| 
| int
| main (void)
| {
| LiDIA::bigint a;
|   ;
|   return 0;
| }
configure:28007: result: not found
configure:28009: WARNING: LiDIA not found.  LiDIA has a Smith normal form procedure that is faster than the built-in one.
configure:28120: checking for scdd_gmp
configure:28143: found /Users/vaw1/Downloads/latte/homebrew/bin/scdd_gmp
configure:28156: result: /Users/vaw1/Downloads/latte/homebrew/bin/scdd_gmp
configure:28265: checking for redcheck_gmp
configure:28288: found /Users/vaw1/Downloads/latte/homebrew/bin/redcheck_gmp
configure:28301: result: /Users/vaw1/Downloads/latte/homebrew/bin/redcheck_gmp
configure:28345: checking for CDDLIB >= 093c
configure:28404: g++ -std=gnu++11 -o conftest -I/Users/vaw1/Downloads/latte/Homebrew/opt/cddlib/include -I/Users/vaw1/Downloads/latte/Homebrew/opt/gmp/include -g -O2    conftest.cpp -L/Users/vaw1/Downloads/latte/Homebrew/opt/cddlib/lib -lcddgmp -L/Users/vaw1/Downloads/latte/Homebrew/opt/gmp/lib -lgmp -lgmpxx -lgmp  >&5
ld: warning: ignoring duplicate libraries: '-lgmp'
configure:28404: $? = 0
configure:28416: headers are in cddlib/
configure:28442: result: found
configure:28734: checking for lrs1
configure:28773: result: no
configure:28785: WARNING: The `lrs1' binary from LRS is missing; LattE can optionally use LRS instead of CDD.
configure:28879: checking for cmaple.exe
configure:28918: result: no
configure:28879: checking for maple
configure:28918: result: no
configure:29025: checking for points2triangs
configure:29064: result: no
configure:29071: checking for points2placingtriang
configure:29110: result: no
configure:29161: checking for 4ti2 library
configure:29191: g++ -std=gnu++11 -o conftest -g -O2 -I/Users/vaw1/latte/include -D__STDC_LIMIT_MACROS -D_4ti2_GMP_ -I/Users/vaw1/Downloads/latte/Homebrew/opt/gmp/include   conftest.cpp  -L/Users/vaw1/latte/lib -l4ti2gmp -lzsolve -L/Users/vaw1/Downloads/latte/Homebrew/opt/gmp/lib -lgmp -lgmpxx -lgmp >&5
conftest.cpp:182:10: fatal error: '4ti2/4ti2.h' file not found
#include "4ti2/4ti2.h"
         ^~~~~~~~~~~~~
1 error generated.
configure:29191: $? = 1
configure: failed program was:
| /* confdefs.h */
| #define PACKAGE_NAME "latte-int"
| #define PACKAGE_TARNAME "latte-int"
| #define PACKAGE_VERSION "1.7.6"
| #define PACKAGE_STRING "latte-int 1.7.6"
| #define PACKAGE_BUGREPORT ""
| #define PACKAGE_URL ""
| #define PACKAGE "latte-int"
| #define VERSION "1.7.6"
| #define HAVE_STDIO_H 1
| #define HAVE_STDLIB_H 1
| #define HAVE_STRING_H 1
| #define HAVE_INTTYPES_H 1
| #define HAVE_STDINT_H 1
| #define HAVE_STRINGS_H 1
| #define HAVE_SYS_STAT_H 1
| #define HAVE_SYS_TYPES_H 1
| #define HAVE_UNISTD_H 1
| #define STDC_HEADERS 1
| #define __EXTENSIONS__ 1
| #define _ALL_SOURCE 1
| #define _DARWIN_C_SOURCE 1
| #define _GNU_SOURCE 1
| #define _POSIX_PTHREAD_SEMANTICS 1
| #define _TANDEM_SOURCE 1
| #define HAVE_DLFCN_H 1
| #define LT_OBJDIR ".libs/"
| #define HAVE_ALLOCA_H 1
| #define HAVE_ALLOCA 1
| #define HAVE_GETCWD 1
| #define HAVE_READLINK 1
| #define HAVE_REALPATH 1
| #define HAVE_READLINKAT 1
| #define HAVE_LSTAT 1
| #define HAVE_SETENV 1
| #define HAVE_SYS_PARAM_H 1
| #define HAVE_UNISTD_H 1
| #define HAVE_WCHAR_H 1
| #define HAVE_STDINT_H 1
| #define HAVE_SYS_SOCKET_H 1
| #define HAVE_SYS_STAT_H 1
| #define HAVE_SYS_TIME_H 1
| #define HAVE_DECL_STRERROR_R 1
| #define HAVE_STRERROR_R 1
| #define MALLOC_0_IS_NONNULL 1
| #define HAVE_UNSIGNED_LONG_LONG_INT 1
| #define HAVE_LONG_LONG_INT 1
| #define INSTALLPREFIX "/Users/vaw1/latte"
| #define HAVE_DECL_SETENV 1
| #define HAVE__BOOL 1
| #define HAVE_WCHAR_T 1
| #define REPLACE_STRERROR_0 1
| #define restrict __restrict__
| #define HAVE_RAW_DECL_FFSL 1
| #define HAVE_RAW_DECL_FFSLL 1
| #define HAVE_RAW_DECL_MEMMEM 1
| #define HAVE_RAW_DECL_STPCPY 1
| #define HAVE_RAW_DECL_STPNCPY 1
| #define HAVE_RAW_DECL_STRDUP 1
| #define HAVE_RAW_DECL_STRNCAT 1
| #define HAVE_RAW_DECL_STRNDUP 1
| #define HAVE_RAW_DECL_STRNLEN 1
| #define HAVE_RAW_DECL_STRPBRK 1
| #define HAVE_RAW_DECL_STRSEP 1
| #define HAVE_RAW_DECL_STRCASESTR 1
| #define HAVE_RAW_DECL_STRTOK_R 1
| #define HAVE_RAW_DECL_STRERROR_R 1
| #define HAVE_RAW_DECL_STRSIGNAL 1
| #define HAVE_ALLOCA 1
| #define GNULIB_CANONICALIZE_LGPL 1
| #define GNULIB_TEST_CANONICALIZE_FILE_NAME 1
| #define GNULIB_TEST_REALPATH 1
| #define GNULIB_TEST_ENVIRON 1
| #define GNULIB_TEST_LSTAT 1
| #define HAVE_DECL_PROGRAM_INVOCATION_NAME 0
| #define HAVE_DECL_PROGRAM_INVOCATION_SHORT_NAME 0
| #define READLINK_TRAILING_SLASH_BUG 1
| #define GNULIB_TEST_READLINK 1
| #define HAVE_SEARCH_H 1
| #define HAVE_TSEARCH 1
| #define REPLACE_FUNC_STAT_FILE 1
| #define GNULIB_TEST_STAT 1
| #define HAVE_RAW_DECL__EXIT 1
| #define HAVE_RAW_DECL_ATOLL 1
| #define HAVE_RAW_DECL_GETLOADAVG 1
| #define HAVE_RAW_DECL_GETSUBOPT 1
| #define HAVE_RAW_DECL_GRANTPT 1
| #define HAVE_RAW_DECL_INITSTATE 1
| #define HAVE_RAW_DECL_MKSTEMP 1
| #define HAVE_RAW_DECL_POSIX_OPENPT 1
| #define HAVE_RAW_DECL_PTSNAME 1
| #define HAVE_RAW_DECL_PTSNAME_R 1
| #define HAVE_RAW_DECL_RANDOM 1
| #define HAVE_RAW_DECL_REALPATH 1
| #define HAVE_RAW_DECL_RPMATCH 1
| #define HAVE_RAW_DECL_SETENV 1
| #define HAVE_RAW_DECL_SETSTATE 1
| #define HAVE_RAW_DECL_SRANDOM 1
| #define HAVE_RAW_DECL_STRTOD 1
| #define HAVE_RAW_DECL_STRTOLL 1
| #define HAVE_RAW_DECL_STRTOULL 1
| #define HAVE_RAW_DECL_UNLOCKPT 1
| #define HAVE_RAW_DECL_UNSETENV 1
| #define GNULIB_STRERROR 1
| #define GNULIB_TEST_STRERROR 1
| #define HAVE_RAW_DECL_FCHMODAT 1
| #define HAVE_RAW_DECL_FSTAT 1
| #define HAVE_RAW_DECL_FSTATAT 1
| #define HAVE_RAW_DECL_FUTIMENS 1
| #define HAVE_RAW_DECL_LCHMOD 1
| #define HAVE_RAW_DECL_LSTAT 1
| #define HAVE_RAW_DECL_MKDIRAT 1
| #define HAVE_RAW_DECL_MKFIFO 1
| #define HAVE_RAW_DECL_MKFIFOAT 1
| #define HAVE_RAW_DECL_MKNOD 1
| #define HAVE_RAW_DECL_MKNODAT 1
| #define HAVE_RAW_DECL_STAT 1
| #define HAVE_RAW_DECL_UTIMENSAT 1
| #define HAVE_RAW_DECL_CHDIR 1
| #define HAVE_RAW_DECL_CHOWN 1
| #define HAVE_RAW_DECL_DUP 1
| #define HAVE_RAW_DECL_DUP2 1
| #define HAVE_RAW_DECL_FACCESSAT 1
| #define HAVE_RAW_DECL_FCHDIR 1
| #define HAVE_RAW_DECL_FCHOWNAT 1
| #define HAVE_RAW_DECL_FSYNC 1
| #define HAVE_RAW_DECL_FTRUNCATE 1
| #define HAVE_RAW_DECL_GETCWD 1
| #define HAVE_RAW_DECL_GETDOMAINNAME 1
| #define HAVE_RAW_DECL_GETDTABLESIZE 1
| #define HAVE_RAW_DECL_GETGROUPS 1
| #define HAVE_RAW_DECL_GETHOSTNAME 1
| #define HAVE_RAW_DECL_GETLOGIN 1
| #define HAVE_RAW_DECL_GETLOGIN_R 1
| #define HAVE_RAW_DECL_GETPAGESIZE 1
| #define HAVE_RAW_DECL_GETUSERSHELL 1
| #define HAVE_RAW_DECL_SETUSERSHELL 1
| #define HAVE_RAW_DECL_ENDUSERSHELL 1
| #define HAVE_RAW_DECL_ISATTY 1
| #define HAVE_RAW_DECL_LCHOWN 1
| #define HAVE_RAW_DECL_LINK 1
| #define HAVE_RAW_DECL_LINKAT 1
| #define HAVE_RAW_DECL_LSEEK 1
| #define HAVE_RAW_DECL_PIPE 1
| #define HAVE_RAW_DECL_PREAD 1
| #define HAVE_RAW_DECL_PWRITE 1
| #define HAVE_RAW_DECL_READLINK 1
| #define HAVE_RAW_DECL_READLINKAT 1
| #define HAVE_RAW_DECL_RMDIR 1
| #define HAVE_RAW_DECL_SETHOSTNAME 1
| #define HAVE_RAW_DECL_SLEEP 1
| #define HAVE_RAW_DECL_SYMLINK 1
| #define HAVE_RAW_DECL_SYMLINKAT 1
| #define HAVE_RAW_DECL_TTYNAME_R 1
| #define HAVE_RAW_DECL_UNLINK 1
| #define HAVE_RAW_DECL_UNLINKAT 1
| #define HAVE_RAW_DECL_USLEEP 1
| #define HAVE_STDLIB_H 1
| #define HAVE_STRING_H 1
| #define HAVE_SYS_PARAM_H 1
| #define HAVE__BOOL 1
| #define HAVE_STDBOOL_H 1
| #define HAVE_MALLOC 1
| #define HAVE_POW 1
| #define HAVE_SQRT 1
| #define HAVE_SSTREAM 1
| #define MAPLE_SCRIPT_DIR "/Users/vaw1/latte/share/latte-int"
| #define HAVE_GMP 1
| #define HAVE_NTL 1
| #define CDD_PATH "/Users/vaw1/Downloads/latte/homebrew/bin/scdd_gmp"
| #define REDCHECK_PATH "/Users/vaw1/Downloads/latte/homebrew/bin/redcheck_gmp"
| #define CDDLIB_SETOPER_H <cddlib/setoper.h>
| #define CDDLIB_CDDMP_H <cddlib/cddmp.h>
| #define CDDLIB_CDD_H <cddlib/cdd.h>
| #define HAVE_CDDLIB 1
| #define LRS_PATH ""
| #define MAPLE_PATH "maple"
| #define TOPCOM_POINTS2TRIANGS ""
| #define TOPCOM_POINTS2PLACINGTRIANG ""
| /* end confdefs.h.  */
| 
| #include "4ti2/4ti2.h"
| 
| int
| main (void)
| {
|  _4ti2_rays_create_state(_4ti2_PREC_INT_ARB);
| 
|   ;
|   return 0;
| }
configure:29191: g++ -std=gnu++11 -o conftest -g -O2 -D__STDC_LIMIT_MACROS -D_4ti2_GMP_ -I/Users/vaw1/Downloads/latte/Homebrew/opt/gmp/include   conftest.cpp  -l4ti2gmp -lzsolve -L/Users/vaw1/Downloads/latte/Homebrew/opt/gmp/lib -lgmp -lgmpxx -lgmp >&5
conftest.cpp:182:10: fatal error: '4ti2/4ti2.h' file not found
#include "4ti2/4ti2.h"
         ^~~~~~~~~~~~~
1 error generated.
configure:29191: $? = 1
configure: failed program was:
| /* confdefs.h */
| #define PACKAGE_NAME "latte-int"
| #define PACKAGE_TARNAME "latte-int"
| #define PACKAGE_VERSION "1.7.6"
| #define PACKAGE_STRING "latte-int 1.7.6"
| #define PACKAGE_BUGREPORT ""
| #define PACKAGE_URL ""
| #define PACKAGE "latte-int"
| #define VERSION "1.7.6"
| #define HAVE_STDIO_H 1
| #define HAVE_STDLIB_H 1
| #define HAVE_STRING_H 1
| #define HAVE_INTTYPES_H 1
| #define HAVE_STDINT_H 1
| #define HAVE_STRINGS_H 1
| #define HAVE_SYS_STAT_H 1
| #define HAVE_SYS_TYPES_H 1
| #define HAVE_UNISTD_H 1
| #define STDC_HEADERS 1
| #define __EXTENSIONS__ 1
| #define _ALL_SOURCE 1
| #define _DARWIN_C_SOURCE 1
| #define _GNU_SOURCE 1
| #define _POSIX_PTHREAD_SEMANTICS 1
| #define _TANDEM_SOURCE 1
| #define HAVE_DLFCN_H 1
| #define LT_OBJDIR ".libs/"
| #define HAVE_ALLOCA_H 1
| #define HAVE_ALLOCA 1
| #define HAVE_GETCWD 1
| #define HAVE_READLINK 1
| #define HAVE_REALPATH 1
| #define HAVE_READLINKAT 1
| #define HAVE_LSTAT 1
| #define HAVE_SETENV 1
| #define HAVE_SYS_PARAM_H 1
| #define HAVE_UNISTD_H 1
| #define HAVE_WCHAR_H 1
| #define HAVE_STDINT_H 1
| #define HAVE_SYS_SOCKET_H 1
| #define HAVE_SYS_STAT_H 1
| #define HAVE_SYS_TIME_H 1
| #define HAVE_DECL_STRERROR_R 1
| #define HAVE_STRERROR_R 1
| #define MALLOC_0_IS_NONNULL 1
| #define HAVE_UNSIGNED_LONG_LONG_INT 1
| #define HAVE_LONG_LONG_INT 1
| #define INSTALLPREFIX "/Users/vaw1/latte"
| #define HAVE_DECL_SETENV 1
| #define HAVE__BOOL 1
| #define HAVE_WCHAR_T 1
| #define REPLACE_STRERROR_0 1
| #define restrict __restrict__
| #define HAVE_RAW_DECL_FFSL 1
| #define HAVE_RAW_DECL_FFSLL 1
| #define HAVE_RAW_DECL_MEMMEM 1
| #define HAVE_RAW_DECL_STPCPY 1
| #define HAVE_RAW_DECL_STPNCPY 1
| #define HAVE_RAW_DECL_STRDUP 1
| #define HAVE_RAW_DECL_STRNCAT 1
| #define HAVE_RAW_DECL_STRNDUP 1
| #define HAVE_RAW_DECL_STRNLEN 1
| #define HAVE_RAW_DECL_STRPBRK 1
| #define HAVE_RAW_DECL_STRSEP 1
| #define HAVE_RAW_DECL_STRCASESTR 1
| #define HAVE_RAW_DECL_STRTOK_R 1
| #define HAVE_RAW_DECL_STRERROR_R 1
| #define HAVE_RAW_DECL_STRSIGNAL 1
| #define HAVE_ALLOCA 1
| #define GNULIB_CANONICALIZE_LGPL 1
| #define GNULIB_TEST_CANONICALIZE_FILE_NAME 1
| #define GNULIB_TEST_REALPATH 1
| #define GNULIB_TEST_ENVIRON 1
| #define GNULIB_TEST_LSTAT 1
| #define HAVE_DECL_PROGRAM_INVOCATION_NAME 0
| #define HAVE_DECL_PROGRAM_INVOCATION_SHORT_NAME 0
| #define READLINK_TRAILING_SLASH_BUG 1
| #define GNULIB_TEST_READLINK 1
| #define HAVE_SEARCH_H 1
| #define HAVE_TSEARCH 1
| #define REPLACE_FUNC_STAT_FILE 1
| #define GNULIB_TEST_STAT 1
| #define HAVE_RAW_DECL__EXIT 1
| #define HAVE_RAW_DECL_ATOLL 1
| #define HAVE_RAW_DECL_GETLOADAVG 1
| #define HAVE_RAW_DECL_GETSUBOPT 1
| #define HAVE_RAW_DECL_GRANTPT 1
| #define HAVE_RAW_DECL_INITSTATE 1
| #define HAVE_RAW_DECL_MKSTEMP 1
| #define HAVE_RAW_DECL_POSIX_OPENPT 1
| #define HAVE_RAW_DECL_PTSNAME 1
| #define HAVE_RAW_DECL_PTSNAME_R 1
| #define HAVE_RAW_DECL_RANDOM 1
| #define HAVE_RAW_DECL_REALPATH 1
| #define HAVE_RAW_DECL_RPMATCH 1
| #define HAVE_RAW_DECL_SETENV 1
| #define HAVE_RAW_DECL_SETSTATE 1
| #define HAVE_RAW_DECL_SRANDOM 1
| #define HAVE_RAW_DECL_STRTOD 1
| #define HAVE_RAW_DECL_STRTOLL 1
| #define HAVE_RAW_DECL_STRTOULL 1
| #define HAVE_RAW_DECL_UNLOCKPT 1
| #define HAVE_RAW_DECL_UNSETENV 1
| #define GNULIB_STRERROR 1
| #define GNULIB_TEST_STRERROR 1
| #define HAVE_RAW_DECL_FCHMODAT 1
| #define HAVE_RAW_DECL_FSTAT 1
| #define HAVE_RAW_DECL_FSTATAT 1
| #define HAVE_RAW_DECL_FUTIMENS 1
| #define HAVE_RAW_DECL_LCHMOD 1
| #define HAVE_RAW_DECL_LSTAT 1
| #define HAVE_RAW_DECL_MKDIRAT 1
| #define HAVE_RAW_DECL_MKFIFO 1
| #define HAVE_RAW_DECL_MKFIFOAT 1
| #define HAVE_RAW_DECL_MKNOD 1
| #define HAVE_RAW_DECL_MKNODAT 1
| #define HAVE_RAW_DECL_STAT 1
| #define HAVE_RAW_DECL_UTIMENSAT 1
| #define HAVE_RAW_DECL_CHDIR 1
| #define HAVE_RAW_DECL_CHOWN 1
| #define HAVE_RAW_DECL_DUP 1
| #define HAVE_RAW_DECL_DUP2 1
| #define HAVE_RAW_DECL_FACCESSAT 1
| #define HAVE_RAW_DECL_FCHDIR 1
| #define HAVE_RAW_DECL_FCHOWNAT 1
| #define HAVE_RAW_DECL_FSYNC 1
| #define HAVE_RAW_DECL_FTRUNCATE 1
| #define HAVE_RAW_DECL_GETCWD 1
| #define HAVE_RAW_DECL_GETDOMAINNAME 1
| #define HAVE_RAW_DECL_GETDTABLESIZE 1
| #define HAVE_RAW_DECL_GETGROUPS 1
| #define HAVE_RAW_DECL_GETHOSTNAME 1
| #define HAVE_RAW_DECL_GETLOGIN 1
| #define HAVE_RAW_DECL_GETLOGIN_R 1
| #define HAVE_RAW_DECL_GETPAGESIZE 1
| #define HAVE_RAW_DECL_GETUSERSHELL 1
| #define HAVE_RAW_DECL_SETUSERSHELL 1
| #define HAVE_RAW_DECL_ENDUSERSHELL 1
| #define HAVE_RAW_DECL_ISATTY 1
| #define HAVE_RAW_DECL_LCHOWN 1
| #define HAVE_RAW_DECL_LINK 1
| #define HAVE_RAW_DECL_LINKAT 1
| #define HAVE_RAW_DECL_LSEEK 1
| #define HAVE_RAW_DECL_PIPE 1
| #define HAVE_RAW_DECL_PREAD 1
| #define HAVE_RAW_DECL_PWRITE 1
| #define HAVE_RAW_DECL_READLINK 1
| #define HAVE_RAW_DECL_READLINKAT 1
| #define HAVE_RAW_DECL_RMDIR 1
| #define HAVE_RAW_DECL_SETHOSTNAME 1
| #define HAVE_RAW_DECL_SLEEP 1
| #define HAVE_RAW_DECL_SYMLINK 1
| #define HAVE_RAW_DECL_SYMLINKAT 1
| #define HAVE_RAW_DECL_TTYNAME_R 1
| #define HAVE_RAW_DECL_UNLINK 1
| #define HAVE_RAW_DECL_UNLINKAT 1
| #define HAVE_RAW_DECL_USLEEP 1
| #define HAVE_STDLIB_H 1
| #define HAVE_STRING_H 1
| #define HAVE_SYS_PARAM_H 1
| #define HAVE__BOOL 1
| #define HAVE_STDBOOL_H 1
| #define HAVE_MALLOC 1
| #define HAVE_POW 1
| #define HAVE_SQRT 1
| #define HAVE_SSTREAM 1
| #define MAPLE_SCRIPT_DIR "/Users/vaw1/latte/share/latte-int"
| #define HAVE_GMP 1
| #define HAVE_NTL 1
| #define CDD_PATH "/Users/vaw1/Downloads/latte/homebrew/bin/scdd_gmp"
| #define REDCHECK_PATH "/Users/vaw1/Downloads/latte/homebrew/bin/redcheck_gmp"
| #define CDDLIB_SETOPER_H <cddlib/setoper.h>
| #define CDDLIB_CDDMP_H <cddlib/cddmp.h>
| #define CDDLIB_CDD_H <cddlib/cdd.h>
| #define HAVE_CDDLIB 1
| #define LRS_PATH ""
| #define MAPLE_PATH "maple"
| #define TOPCOM_POINTS2TRIANGS ""
| #define TOPCOM_POINTS2PLACINGTRIANG ""
| /* end confdefs.h.  */
| 
| #include "4ti2/4ti2.h"
| 
| int
| main (void)
| {
|  _4ti2_rays_create_state(_4ti2_PREC_INT_ARB);
| 
|   ;
|   return 0;
| }
configure:29211: result: not found
configure:29269: checking for std::shared_ptr
configure:29284: g++ -std=gnu++11 -c -g -O2  conftest.cpp >&5
configure:29284: $? = 0
configure:29287: result: yes
configure:29302: checking for std::tr1::shared_ptr
configure:29317: g++ -std=gnu++11 -c -g -O2  conftest.cpp >&5
conftest.cpp:182:10: fatal error: 'tr1/memory' file not found
#include <tr1/memory>
         ^~~~~~~~~~~~
1 error generated.
configure:29317: $? = 1
configure: failed program was:
| /* confdefs.h */
| #define PACKAGE_NAME "latte-int"
| #define PACKAGE_TARNAME "latte-int"
| #define PACKAGE_VERSION "1.7.6"
| #define PACKAGE_STRING "latte-int 1.7.6"
| #define PACKAGE_BUGREPORT ""
| #define PACKAGE_URL ""
| #define PACKAGE "latte-int"
| #define VERSION "1.7.6"
| #define HAVE_STDIO_H 1
| #define HAVE_STDLIB_H 1
| #define HAVE_STRING_H 1
| #define HAVE_INTTYPES_H 1
| #define HAVE_STDINT_H 1
| #define HAVE_STRINGS_H 1
| #define HAVE_SYS_STAT_H 1
| #define HAVE_SYS_TYPES_H 1
| #define HAVE_UNISTD_H 1
| #define STDC_HEADERS 1
| #define __EXTENSIONS__ 1
| #define _ALL_SOURCE 1
| #define _DARWIN_C_SOURCE 1
| #define _GNU_SOURCE 1
| #define _POSIX_PTHREAD_SEMANTICS 1
| #define _TANDEM_SOURCE 1
| #define HAVE_DLFCN_H 1
| #define LT_OBJDIR ".libs/"
| #define HAVE_ALLOCA_H 1
| #define HAVE_ALLOCA 1
| #define HAVE_GETCWD 1
| #define HAVE_READLINK 1
| #define HAVE_REALPATH 1
| #define HAVE_READLINKAT 1
| #define HAVE_LSTAT 1
| #define HAVE_SETENV 1
| #define HAVE_SYS_PARAM_H 1
| #define HAVE_UNISTD_H 1
| #define HAVE_WCHAR_H 1
| #define HAVE_STDINT_H 1
| #define HAVE_SYS_SOCKET_H 1
| #define HAVE_SYS_STAT_H 1
| #define HAVE_SYS_TIME_H 1
| #define HAVE_DECL_STRERROR_R 1
| #define HAVE_STRERROR_R 1
| #define MALLOC_0_IS_NONNULL 1
| #define HAVE_UNSIGNED_LONG_LONG_INT 1
| #define HAVE_LONG_LONG_INT 1
| #define INSTALLPREFIX "/Users/vaw1/latte"
| #define HAVE_DECL_SETENV 1
| #define HAVE__BOOL 1
| #define HAVE_WCHAR_T 1
| #define REPLACE_STRERROR_0 1
| #define restrict __restrict__
| #define HAVE_RAW_DECL_FFSL 1
| #define HAVE_RAW_DECL_FFSLL 1
| #define HAVE_RAW_DECL_MEMMEM 1
| #define HAVE_RAW_DECL_STPCPY 1
| #define HAVE_RAW_DECL_STPNCPY 1
| #define HAVE_RAW_DECL_STRDUP 1
| #define HAVE_RAW_DECL_STRNCAT 1
| #define HAVE_RAW_DECL_STRNDUP 1
| #define HAVE_RAW_DECL_STRNLEN 1
| #define HAVE_RAW_DECL_STRPBRK 1
| #define HAVE_RAW_DECL_STRSEP 1
| #define HAVE_RAW_DECL_STRCASESTR 1
| #define HAVE_RAW_DECL_STRTOK_R 1
| #define HAVE_RAW_DECL_STRERROR_R 1
| #define HAVE_RAW_DECL_STRSIGNAL 1
| #define HAVE_ALLOCA 1
| #define GNULIB_CANONICALIZE_LGPL 1
| #define GNULIB_TEST_CANONICALIZE_FILE_NAME 1
| #define GNULIB_TEST_REALPATH 1
| #define GNULIB_TEST_ENVIRON 1
| #define GNULIB_TEST_LSTAT 1
| #define HAVE_DECL_PROGRAM_INVOCATION_NAME 0
| #define HAVE_DECL_PROGRAM_INVOCATION_SHORT_NAME 0
| #define READLINK_TRAILING_SLASH_BUG 1
| #define GNULIB_TEST_READLINK 1
| #define HAVE_SEARCH_H 1
| #define HAVE_TSEARCH 1
| #define REPLACE_FUNC_STAT_FILE 1
| #define GNULIB_TEST_STAT 1
| #define HAVE_RAW_DECL__EXIT 1
| #define HAVE_RAW_DECL_ATOLL 1
| #define HAVE_RAW_DECL_GETLOADAVG 1
| #define HAVE_RAW_DECL_GETSUBOPT 1
| #define HAVE_RAW_DECL_GRANTPT 1
| #define HAVE_RAW_DECL_INITSTATE 1
| #define HAVE_RAW_DECL_MKSTEMP 1
| #define HAVE_RAW_DECL_POSIX_OPENPT 1
| #define HAVE_RAW_DECL_PTSNAME 1
| #define HAVE_RAW_DECL_PTSNAME_R 1
| #define HAVE_RAW_DECL_RANDOM 1
| #define HAVE_RAW_DECL_REALPATH 1
| #define HAVE_RAW_DECL_RPMATCH 1
| #define HAVE_RAW_DECL_SETENV 1
| #define HAVE_RAW_DECL_SETSTATE 1
| #define HAVE_RAW_DECL_SRANDOM 1
| #define HAVE_RAW_DECL_STRTOD 1
| #define HAVE_RAW_DECL_STRTOLL 1
| #define HAVE_RAW_DECL_STRTOULL 1
| #define HAVE_RAW_DECL_UNLOCKPT 1
| #define HAVE_RAW_DECL_UNSETENV 1
| #define GNULIB_STRERROR 1
| #define GNULIB_TEST_STRERROR 1
| #define HAVE_RAW_DECL_FCHMODAT 1
| #define HAVE_RAW_DECL_FSTAT 1
| #define HAVE_RAW_DECL_FSTATAT 1
| #define HAVE_RAW_DECL_FUTIMENS 1
| #define HAVE_RAW_DECL_LCHMOD 1
| #define HAVE_RAW_DECL_LSTAT 1
| #define HAVE_RAW_DECL_MKDIRAT 1
| #define HAVE_RAW_DECL_MKFIFO 1
| #define HAVE_RAW_DECL_MKFIFOAT 1
| #define HAVE_RAW_DECL_MKNOD 1
| #define HAVE_RAW_DECL_MKNODAT 1
| #define HAVE_RAW_DECL_STAT 1
| #define HAVE_RAW_DECL_UTIMENSAT 1
| #define HAVE_RAW_DECL_CHDIR 1
| #define HAVE_RAW_DECL_CHOWN 1
| #define HAVE_RAW_DECL_DUP 1
| #define HAVE_RAW_DECL_DUP2 1
| #define HAVE_RAW_DECL_FACCESSAT 1
| #define HAVE_RAW_DECL_FCHDIR 1
| #define HAVE_RAW_DECL_FCHOWNAT 1
| #define HAVE_RAW_DECL_FSYNC 1
| #define HAVE_RAW_DECL_FTRUNCATE 1
| #define HAVE_RAW_DECL_GETCWD 1
| #define HAVE_RAW_DECL_GETDOMAINNAME 1
| #define HAVE_RAW_DECL_GETDTABLESIZE 1
| #define HAVE_RAW_DECL_GETGROUPS 1
| #define HAVE_RAW_DECL_GETHOSTNAME 1
| #define HAVE_RAW_DECL_GETLOGIN 1
| #define HAVE_RAW_DECL_GETLOGIN_R 1
| #define HAVE_RAW_DECL_GETPAGESIZE 1
| #define HAVE_RAW_DECL_GETUSERSHELL 1
| #define HAVE_RAW_DECL_SETUSERSHELL 1
| #define HAVE_RAW_DECL_ENDUSERSHELL 1
| #define HAVE_RAW_DECL_ISATTY 1
| #define HAVE_RAW_DECL_LCHOWN 1
| #define HAVE_RAW_DECL_LINK 1
| #define HAVE_RAW_DECL_LINKAT 1
| #define HAVE_RAW_DECL_LSEEK 1
| #define HAVE_RAW_DECL_PIPE 1
| #define HAVE_RAW_DECL_PREAD 1
| #define HAVE_RAW_DECL_PWRITE 1
| #define HAVE_RAW_DECL_READLINK 1
| #define HAVE_RAW_DECL_READLINKAT 1
| #define HAVE_RAW_DECL_RMDIR 1
| #define HAVE_RAW_DECL_SETHOSTNAME 1
| #define HAVE_RAW_DECL_SLEEP 1
| #define HAVE_RAW_DECL_SYMLINK 1
| #define HAVE_RAW_DECL_SYMLINKAT 1
| #define HAVE_RAW_DECL_TTYNAME_R 1
| #define HAVE_RAW_DECL_UNLINK 1
| #define HAVE_RAW_DECL_UNLINKAT 1
| #define HAVE_RAW_DECL_USLEEP 1
| #define HAVE_STDLIB_H 1
| #define HAVE_STRING_H 1
| #define HAVE_SYS_PARAM_H 1
| #define HAVE__BOOL 1
| #define HAVE_STDBOOL_H 1
| #define HAVE_MALLOC 1
| #define HAVE_POW 1
| #define HAVE_SQRT 1
| #define HAVE_SSTREAM 1
| #define MAPLE_SCRIPT_DIR "/Users/vaw1/latte/share/latte-int"
| #define HAVE_GMP 1
| #define HAVE_NTL 1
| #define CDD_PATH "/Users/vaw1/Downloads/latte/homebrew/bin/scdd_gmp"
| #define REDCHECK_PATH "/Users/vaw1/Downloads/latte/homebrew/bin/redcheck_gmp"
| #define CDDLIB_SETOPER_H <cddlib/setoper.h>
| #define CDDLIB_CDDMP_H <cddlib/cddmp.h>
| #define CDDLIB_CDD_H <cddlib/cdd.h>
| #define HAVE_CDDLIB 1
| #define LRS_PATH ""
| #define MAPLE_PATH "maple"
| #define TOPCOM_POINTS2TRIANGS ""
| #define TOPCOM_POINTS2PLACINGTRIANG ""
| #define HAVE_STD_SHARED_PTR 1
| /* end confdefs.h.  */
| #include <tr1/memory>
|     std::tr1::shared_ptr<int> have_shared_ptr;
| int
| main (void)
| {
| 
|   ;
|   return 0;
| }
| 
configure:29328: result: no
configure:29508: checking that generated files are newer than configure
configure:29514: result: done
configure:29679: creating ./config.status

## ---------------------- ##
## Running config.status. ##
## ---------------------- ##

This file was extended by latte-int config.status 1.7.6, which was
generated by GNU Autoconf 2.72.  Invocation command line was

  CONFIG_FILES    = 
  CONFIG_HEADERS  = 
  CONFIG_LINKS    = 
  CONFIG_COMMANDS = 
  $ ./config.status 

on c-76-151-123-125.hsd1.md.comcast.net

config.status:1780: creating Makefile
config.status:1780: creating EXAMPLES/Makefile
config.status:1780: creating doc/Makefile
config.status:1780: creating code/Makefile
config.status:1780: creating code/latte/Makefile
config.status:1780: creating code/latte/normalize/Makefile
config.status:1780: creating code/test-suite/Makefile
config.status:1780: creating code/maple/Makefile
config.status:1780: creating code/lidia-include.h
config.status:1780: creating code/test-suite/test.pl
config.status:1780: creating code/latte/integration/testMultiply.sh
config.status:1780: creating code/latte/integration/testIntegration.sh
config.status:1780: creating code/maple/test-maple.sh
config.status:1780: creating code/gnulib/Makefile
config.status:1780: creating code/config.h
config.status:2009: executing depfiles commands
config.status:2090: cd code/latte       && sed -e '/# am--include-marker/d' Makefile         | make -f - am--depfiles
make: Nothing to be done for `am--depfiles'.
config.status:2095: $? = 0
config.status:2090: cd code/latte/normalize       && sed -e '/# am--include-marker/d' Makefile         | make -f - am--depfiles
make: Nothing to be done for `am--depfiles'.
config.status:2095: $? = 0
config.status:2090: cd code/gnulib       && sed -e '/# am--include-marker/d' Makefile         | make -f - am--depfiles
make: Nothing to be done for `am--depfiles'.
config.status:2095: $? = 0
config.status:2009: executing libtool commands

## ---------------- ##
## Cache variables. ##
## ---------------- ##

ac_cv_build=aarch64-apple-darwin23.0.0
ac_cv_c_compiler_gnu=yes
ac_cv_c_const=yes
ac_cv_c_restrict=__restrict__
ac_cv_c_undeclared_builtin_options='none needed'
ac_cv_cxx_compiler_gnu=yes
ac_cv_env_CCC_set=
ac_cv_env_CCC_value=
ac_cv_env_CC_set=
ac_cv_env_CC_value=
ac_cv_env_CFLAGS_set=
ac_cv_env_CFLAGS_value=
ac_cv_env_CPPFLAGS_set=
ac_cv_env_CPPFLAGS_value=
ac_cv_env_CPP_set=
ac_cv_env_CPP_value=
ac_cv_env_CXXCPP_set=
ac_cv_env_CXXCPP_value=
ac_cv_env_CXXFLAGS_set=
ac_cv_env_CXXFLAGS_value=
ac_cv_env_CXX_set=
ac_cv_env_CXX_value=
ac_cv_env_LDFLAGS_set=
ac_cv_env_LDFLAGS_value=
ac_cv_env_LIBS_set=
ac_cv_env_LIBS_value=
ac_cv_env_LT_SYS_LIBRARY_PATH_set=
ac_cv_env_LT_SYS_LIBRARY_PATH_value=
ac_cv_env_build_alias_set=
ac_cv_env_build_alias_value=
ac_cv_env_host_alias_set=
ac_cv_env_host_alias_value=
ac_cv_env_target_alias_set=
ac_cv_env_target_alias_value=
ac_cv_func__set_invalid_parameter_handler=no
ac_cv_func_alloca_works=yes
ac_cv_func_canonicalize_file_name=no
ac_cv_func_getcwd=yes
ac_cv_func_lstat=yes
ac_cv_func_malloc_0_nonnull=yes
ac_cv_func_pow=yes
ac_cv_func_readlink=yes
ac_cv_func_readlinkat=yes
ac_cv_func_realpath=yes
ac_cv_func_setenv=yes
ac_cv_func_sqrt=yes
ac_cv_func_strerror_r_char_p=no
ac_cv_func_tsearch=yes
ac_cv_have_decl__Exit=yes
ac_cv_have_decl_atoll=yes
ac_cv_have_decl_chdir=yes
ac_cv_have_decl_chown=yes
ac_cv_have_decl_dup2=yes
ac_cv_have_decl_dup=yes
ac_cv_have_decl_endusershell=yes
ac_cv_have_decl_faccessat=yes
ac_cv_have_decl_fchdir=yes
ac_cv_have_decl_fchmodat=yes
ac_cv_have_decl_fchownat=yes
ac_cv_have_decl_ffsl=yes
ac_cv_have_decl_ffsll=yes
ac_cv_have_decl_fstat=yes
ac_cv_have_decl_fstatat=yes
ac_cv_have_decl_fsync=yes
ac_cv_have_decl_ftruncate=yes
ac_cv_have_decl_futimens=yes
ac_cv_have_decl_getcwd=yes
ac_cv_have_decl_getdomainname=yes
ac_cv_have_decl_getdtablesize=yes
ac_cv_have_decl_getgroups=yes
ac_cv_have_decl_gethostname=yes
ac_cv_have_decl_getloadavg=yes
ac_cv_have_decl_getlogin=yes
ac_cv_have_decl_getlogin_r=yes
ac_cv_have_decl_getpagesize=yes
ac_cv_have_decl_getsubopt=yes
ac_cv_have_decl_getusershell=yes
ac_cv_have_decl_grantpt=yes
ac_cv_have_decl_initstate=yes
ac_cv_have_decl_isatty=yes
ac_cv_have_decl_lchmod=yes
ac_cv_have_decl_lchown=yes
ac_cv_have_decl_link=yes
ac_cv_have_decl_linkat=yes
ac_cv_have_decl_lseek=yes
ac_cv_have_decl_lstat=yes
ac_cv_have_decl_memmem=yes
ac_cv_have_decl_mkdirat=yes
ac_cv_have_decl_mkfifo=yes
ac_cv_have_decl_mkfifoat=yes
ac_cv_have_decl_mknod=yes
ac_cv_have_decl_mknodat=yes
ac_cv_have_decl_mkstemp=yes
ac_cv_have_decl_pipe=yes
ac_cv_have_decl_posix_openpt=yes
ac_cv_have_decl_pread=yes
ac_cv_have_decl_program_invocation_name=no
ac_cv_have_decl_program_invocation_short_name=no
ac_cv_have_decl_ptsname=yes
ac_cv_have_decl_ptsname_r=yes
ac_cv_have_decl_pwrite=yes
ac_cv_have_decl_random=yes
ac_cv_have_decl_readlink=yes
ac_cv_have_decl_readlinkat=yes
ac_cv_have_decl_realpath=yes
ac_cv_have_decl_rmdir=yes
ac_cv_have_decl_rpmatch=yes
ac_cv_have_decl_setenv=yes
ac_cv_have_decl_sethostname=yes
ac_cv_have_decl_setstate=yes
ac_cv_have_decl_setusershell=yes
ac_cv_have_decl_sleep=yes
ac_cv_have_decl_srandom=yes
ac_cv_have_decl_stat=yes
ac_cv_have_decl_stpcpy=yes
ac_cv_have_decl_stpncpy=yes
ac_cv_have_decl_strcasestr=yes
ac_cv_have_decl_strdup=yes
ac_cv_have_decl_strerror_r=yes
ac_cv_have_decl_strncat=yes
ac_cv_have_decl_strndup=yes
ac_cv_have_decl_strnlen=yes
ac_cv_have_decl_strpbrk=yes
ac_cv_have_decl_strsep=yes
ac_cv_have_decl_strsignal=yes
ac_cv_have_decl_strtod=yes
ac_cv_have_decl_strtok_r=yes
ac_cv_have_decl_strtoll=yes
ac_cv_have_decl_strtoull=yes
ac_cv_have_decl_symlink=yes
ac_cv_have_decl_symlinkat=yes
ac_cv_have_decl_ttyname_r=yes
ac_cv_have_decl_unlink=yes
ac_cv_have_decl_unlinkat=yes
ac_cv_have_decl_unlockpt=yes
ac_cv_have_decl_unsetenv=yes
ac_cv_have_decl_usleep=yes
ac_cv_have_decl_utimensat=yes
ac_cv_header_dlfcn_h=yes
ac_cv_header_inttypes_h=yes
ac_cv_header_malloc_h=no
ac_cv_header_minix_config_h=no
ac_cv_header_search_h=yes
ac_cv_header_sstream=yes
ac_cv_header_stat_broken=no
ac_cv_header_stdbool_h=yes
ac_cv_header_stdint_h=yes
ac_cv_header_stdio_h=yes
ac_cv_header_stdlib_h=yes
ac_cv_header_string_h=yes
ac_cv_header_strings_h=yes
ac_cv_header_sys_param_h=yes
ac_cv_header_sys_socket_h=yes
ac_cv_header_sys_stat_h=yes
ac_cv_header_sys_time_h=yes
ac_cv_header_sys_types_h=yes
ac_cv_header_unistd_h=yes
ac_cv_header_wchar_h=yes
ac_cv_host=aarch64-apple-darwin23.0.0
ac_cv_lib_error_at_line=no
ac_cv_objext=o
ac_cv_path_CDD=/Users/vaw1/Downloads/latte/homebrew/bin/scdd_gmp
ac_cv_path_EGREP='/usr/bin/grep -E'
ac_cv_path_EGREP_TRADITIONAL='/usr/bin/grep -E'
ac_cv_path_FGREP='/usr/bin/grep -F'
ac_cv_path_GREP=/usr/bin/grep
ac_cv_path_REDCHECK=/Users/vaw1/Downloads/latte/homebrew/bin/redcheck_gmp
ac_cv_path_SED=/usr/bin/sed
ac_cv_path_install='/usr/bin/install -c'
ac_cv_path_lt_DD=/bin/dd
ac_cv_prog_AWK=awk
ac_cv_prog_CPP='gcc -E'
ac_cv_prog_CXXCPP='g++ -std=gnu++11 -E'
ac_cv_prog_FILECMD=file
ac_cv_prog_ac_ct_AR=ar
ac_cv_prog_ac_ct_CC=gcc
ac_cv_prog_ac_ct_CXX=g++
ac_cv_prog_ac_ct_DSYMUTIL=dsymutil
ac_cv_prog_ac_ct_LIPO=lipo
ac_cv_prog_ac_ct_NMEDIT=nmedit
ac_cv_prog_ac_ct_OBJDUMP=objdump
ac_cv_prog_ac_ct_OTOOL=otool
ac_cv_prog_ac_ct_RANLIB=ranlib
ac_cv_prog_ac_ct_STRIP=strip
ac_cv_prog_cc_c11=
ac_cv_prog_cc_g=yes
ac_cv_prog_cc_stdc=
ac_cv_prog_cxx_cxx11=-std=gnu++11
ac_cv_prog_cxx_g=yes
ac_cv_prog_cxx_stdcxx=-std=gnu++11
ac_cv_prog_make_make_set=yes
ac_cv_safe_to_define___extensions__=yes
ac_cv_should_define__xopen_source=no
ac_cv_sys_largefile_opts='none needed'
ac_cv_type__Bool=yes
ac_cv_type_long_long_int=yes
ac_cv_type_mode_t=yes
ac_cv_type_nlink_t=yes
ac_cv_type_pid_t=yes
ac_cv_type_size_t=yes
ac_cv_type_unsigned_long_long_int=yes
ac_cv_working_alloca_h=yes
acl_cv_libpath=DYLD_LIBRARY_PATH
acl_cv_path_LD=/Library/Developer/CommandLineTools/usr/bin/ld
acl_cv_prog_gnu_ld=no
acl_cv_shlibpath_var=DYLD_LIBRARY_PATH
am_cv_CC_dependencies_compiler_type=gcc3
am_cv_CXX_dependencies_compiler_type=gcc3
am_cv_filesystem_timestamp_resolution=2
am_cv_make_support_nested_variables=yes
am_cv_prog_cc_c_o=yes
am_cv_prog_tar_ustar=gnutar
am_cv_sleep_fractional_seconds=yes
am_cv_xargs_n_works=yes
gl_cv_c_amsterdam_compiler=no
gl_cv_c_multiarch=no
gl_cv_decl_null_works=yes
gl_cv_decl_readlink_works=yes
gl_cv_double_slash_root=no
gl_cv_func_lstat_dereferences_slashed_symlink=no
gl_cv_func_malloc_0_nonnull=1
gl_cv_func_readlink_works=no
gl_cv_func_realpath_works=no
gl_cv_func_stat_dir_slash=yes
gl_cv_func_stat_file_slash=no
gl_cv_func_strerror_0_works=no
gl_cv_have_include_next=yes
gl_cv_have_raw_decl__Exit=yes
gl_cv_have_raw_decl_atoll=yes
gl_cv_have_raw_decl_canonicalize_file_name=no
gl_cv_have_raw_decl_chdir=yes
gl_cv_have_raw_decl_chown=yes
gl_cv_have_raw_decl_dup2=yes
gl_cv_have_raw_decl_dup3=no
gl_cv_have_raw_decl_dup=yes
gl_cv_have_raw_decl_endusershell=yes
gl_cv_have_raw_decl_environ=no
gl_cv_have_raw_decl_euidaccess=no
gl_cv_have_raw_decl_faccessat=yes
gl_cv_have_raw_decl_fchdir=yes
gl_cv_have_raw_decl_fchmodat=yes
gl_cv_have_raw_decl_fchownat=yes
gl_cv_have_raw_decl_fdatasync=no
gl_cv_have_raw_decl_ffsl=yes
gl_cv_have_raw_decl_ffsll=yes
gl_cv_have_raw_decl_fstat=yes
gl_cv_have_raw_decl_fstatat=yes
gl_cv_have_raw_decl_fsync=yes
gl_cv_have_raw_decl_ftruncate=yes
gl_cv_have_raw_decl_futimens=yes
gl_cv_have_raw_decl_getcwd=yes
gl_cv_have_raw_decl_getdomainname=yes
gl_cv_have_raw_decl_getdtablesize=yes
gl_cv_have_raw_decl_getgroups=yes
gl_cv_have_raw_decl_gethostname=yes
gl_cv_have_raw_decl_getloadavg=yes
gl_cv_have_raw_decl_getlogin=yes
gl_cv_have_raw_decl_getlogin_r=yes
gl_cv_have_raw_decl_getpagesize=yes
gl_cv_have_raw_decl_getsubopt=yes
gl_cv_have_raw_decl_getusershell=yes
gl_cv_have_raw_decl_grantpt=yes
gl_cv_have_raw_decl_group_member=no
gl_cv_have_raw_decl_initstate=yes
gl_cv_have_raw_decl_initstate_r=no
gl_cv_have_raw_decl_isatty=yes
gl_cv_have_raw_decl_lchmod=yes
gl_cv_have_raw_decl_lchown=yes
gl_cv_have_raw_decl_link=yes
gl_cv_have_raw_decl_linkat=yes
gl_cv_have_raw_decl_lseek=yes
gl_cv_have_raw_decl_lstat=yes
gl_cv_have_raw_decl_memmem=yes
gl_cv_have_raw_decl_mempcpy=no
gl_cv_have_raw_decl_memrchr=no
gl_cv_have_raw_decl_mkdirat=yes
gl_cv_have_raw_decl_mkdtemp=no
gl_cv_have_raw_decl_mkfifo=yes
gl_cv_have_raw_decl_mkfifoat=yes
gl_cv_have_raw_decl_mknod=yes
gl_cv_have_raw_decl_mknodat=yes
gl_cv_have_raw_decl_mkostemp=no
gl_cv_have_raw_decl_mkostemps=no
gl_cv_have_raw_decl_mkstemp=yes
gl_cv_have_raw_decl_mkstemps=no
gl_cv_have_raw_decl_pipe2=no
gl_cv_have_raw_decl_pipe=yes
gl_cv_have_raw_decl_posix_openpt=yes
gl_cv_have_raw_decl_pread=yes
gl_cv_have_raw_decl_ptsname=yes
gl_cv_have_raw_decl_ptsname_r=yes
gl_cv_have_raw_decl_pwrite=yes
gl_cv_have_raw_decl_random=yes
gl_cv_have_raw_decl_random_r=no
gl_cv_have_raw_decl_rawmemchr=no
gl_cv_have_raw_decl_readlink=yes
gl_cv_have_raw_decl_readlinkat=yes
gl_cv_have_raw_decl_realpath=yes
gl_cv_have_raw_decl_rmdir=yes
gl_cv_have_raw_decl_rpmatch=yes
gl_cv_have_raw_decl_secure_getenv=no
gl_cv_have_raw_decl_setenv=yes
gl_cv_have_raw_decl_sethostname=yes
gl_cv_have_raw_decl_setstate=yes
gl_cv_have_raw_decl_setstate_r=no
gl_cv_have_raw_decl_setusershell=yes
gl_cv_have_raw_decl_sleep=yes
gl_cv_have_raw_decl_srandom=yes
gl_cv_have_raw_decl_srandom_r=no
gl_cv_have_raw_decl_stat=yes
gl_cv_have_raw_decl_stpcpy=yes
gl_cv_have_raw_decl_stpncpy=yes
gl_cv_have_raw_decl_strcasestr=yes
gl_cv_have_raw_decl_strchrnul=no
gl_cv_have_raw_decl_strdup=yes
gl_cv_have_raw_decl_strerror_r=yes
gl_cv_have_raw_decl_strncat=yes
gl_cv_have_raw_decl_strndup=yes
gl_cv_have_raw_decl_strnlen=yes
gl_cv_have_raw_decl_strpbrk=yes
gl_cv_have_raw_decl_strsep=yes
gl_cv_have_raw_decl_strsignal=yes
gl_cv_have_raw_decl_strtod=yes
gl_cv_have_raw_decl_strtok_r=yes
gl_cv_have_raw_decl_strtoll=yes
gl_cv_have_raw_decl_strtoull=yes
gl_cv_have_raw_decl_strverscmp=no
gl_cv_have_raw_decl_symlink=yes
gl_cv_have_raw_decl_symlinkat=yes
gl_cv_have_raw_decl_ttyname_r=yes
gl_cv_have_raw_decl_unlink=yes
gl_cv_have_raw_decl_unlinkat=yes
gl_cv_have_raw_decl_unlockpt=yes
gl_cv_have_raw_decl_unsetenv=yes
gl_cv_have_raw_decl_usleep=yes
gl_cv_have_raw_decl_utimensat=yes
gl_cv_header_errno_h_complete=yes
gl_cv_header_working_stdint_h=yes
gl_cv_next_stdint_h='<stdint.h>'
gl_cv_next_stdlib_h='<stdlib.h>'
gl_cv_next_string_h='<string.h>'
gl_cv_next_sys_stat_h='<sys/stat.h>'
gl_cv_next_sys_types_h='<sys/types.h>'
gl_cv_next_time_h='<time.h>'
gl_cv_next_unistd_h='<unistd.h>'
gl_cv_pragma_columns=no
gl_cv_rpl_alloca=yes
gl_cv_sys_struct_timespec_in_time_h=yes
gt_cv_c_wchar_t=yes
gt_cv_ssize_t=yes
gt_cv_var_environ_declaration=no
lt_cv_apple_cc_single_mod=no
lt_cv_ar_at_file=no
lt_cv_deplibs_check_method=pass_all
lt_cv_file_magic_cmd='$MAGIC_CMD'
lt_cv_file_magic_test_file=
lt_cv_ld_exported_symbols_list=yes
lt_cv_ld_force_load=yes
lt_cv_ld_reload_flag=-r
lt_cv_nm_interface='BSD nm'
lt_cv_objdir=.libs
lt_cv_path_LD=/Library/Developer/CommandLineTools/usr/bin/ld
lt_cv_path_LDCXX=/Library/Developer/CommandLineTools/usr/bin/ld
lt_cv_path_NM='/usr/bin/nm -B'
lt_cv_path_manifest_tool=no
lt_cv_prog_compiler_c_o=yes
lt_cv_prog_compiler_c_o_CXX=yes
lt_cv_prog_compiler_pic='-fno-common -DPIC'
lt_cv_prog_compiler_pic_CXX='-fno-common -DPIC'
lt_cv_prog_compiler_pic_works=yes
lt_cv_prog_compiler_pic_works_CXX=yes
lt_cv_prog_compiler_rtti_exceptions=yes
lt_cv_prog_compiler_static_works=no
lt_cv_prog_compiler_static_works_CXX=no
lt_cv_prog_gnu_ld=no
lt_cv_prog_gnu_ldcxx=no
lt_cv_sharedlib_from_linklib_cmd='printf %s\n'
lt_cv_support_no_fixup_chains=yes
lt_cv_sys_global_symbol_pipe='/usr/bin/sed -n -e '\''s/^.*[	 ]\([ABCDGIRSTW][ABCDGIRSTW]*\)[	 ][	 ]*_\([_A-Za-z][_A-Za-z0-9]*\)$/\1 _\2 \2/p'\'' | /usr/bin/sed '\''/ __gnu_lto/d'\'''
lt_cv_sys_global_symbol_to_c_name_address='/usr/bin/sed -n -e '\''s/^: \(.*\) .*$/  {"\1", (void *) 0},/p'\'' -e '\''s/^[ABCDGIRSTW][ABCDGIRSTW]* .* \(.*\)$/  {"\1", (void *) \&\1},/p'\'''
lt_cv_sys_global_symbol_to_c_name_address_lib_prefix='/usr/bin/sed -n -e '\''s/^: \(.*\) .*$/  {"\1", (void *) 0},/p'\'' -e '\''s/^[ABCDGIRSTW][ABCDGIRSTW]* .* \(lib.*\)$/  {"\1", (void *) \&\1},/p'\'' -e '\''s/^[ABCDGIRSTW][ABCDGIRSTW]* .* \(.*\)$/  {"lib\1", (void *) \&\1},/p'\'''
lt_cv_sys_global_symbol_to_cdecl='/usr/bin/sed -n -e '\''s/^T .* \(.*\)$/extern int \1();/p'\'' -e '\''s/^[ABCDGIRSTW][ABCDGIRSTW]* .* \(.*\)$/extern char \1;/p'\'''
lt_cv_sys_global_symbol_to_import=
lt_cv_sys_max_cmd_len=786432
lt_cv_to_host_file_cmd=func_convert_file_noop
lt_cv_to_tool_file_cmd=func_convert_file_noop
lt_cv_truncate_bin='/bin/dd bs=4096 count=1'

## ----------------- ##
## Output variables. ##
## ----------------- ##

ACLOCAL='${SHELL} '\''/Users/vaw1/Downloads/latte/latte/missing'\'' aclocal-1.18'
ALLOCA=''
ALLOCA_H='alloca.h'
AMDEPBACKSLASH='\'
AMDEP_FALSE='#'
AMDEP_TRUE=''
AMTAR='$${TAR-tar}'
AM_BACKSLASH='\'
AM_DEFAULT_V='$(AM_DEFAULT_VERBOSITY)'
AM_DEFAULT_VERBOSITY='1'
AM_V='$(V)'
APPLE_UNIVERSAL_BUILD='0'
AR='ar'
ARFLAGS='cru'
AUTOCONF='${SHELL} '\''/Users/vaw1/Downloads/latte/latte/missing'\'' autoconf'
AUTOHEADER='${SHELL} '\''/Users/vaw1/Downloads/latte/latte/missing'\'' autoheader'
AUTOMAKE='${SHELL} '\''/Users/vaw1/Downloads/latte/latte/missing'\'' automake-1.18'
AWK='awk'
BITSIZEOF_PTRDIFF_T=''
BITSIZEOF_SIG_ATOMIC_T=''
BITSIZEOF_SIZE_T=''
BITSIZEOF_WCHAR_T=''
BITSIZEOF_WINT_T=''
CC='gcc'
CCDEPMODE='depmode=gcc3'
CDD='/Users/vaw1/Downloads/latte/homebrew/bin/scdd_gmp'
CDDLIB_CFLAGS='-I/Users/vaw1/Downloads/latte/Homebrew/opt/cddlib/include'
CDDLIB_LIBS='-L/Users/vaw1/Downloads/latte/Homebrew/opt/cddlib/lib -lcddgmp'
CFLAGS='-g -O2'
CPLEX_CFLAGS=''
CPLEX_LDFLAGS=''
CPP='gcc -E'
CPPFLAGS=''
CSCOPE='cscope'
CTAGS='ctags'
CXX='g++ -std=gnu++11'
CXXCPP='g++ -std=gnu++11 -E'
CXXDEPMODE='depmode=gcc3'
CXXFLAGS='-g -O2'
CYGPATH_W='echo'
DEFS='-DHAVE_CONFIG_H'
DEPDIR='.deps'
DLLTOOL='false'
DSYMUTIL='dsymutil'
DUMPBIN=''
ECHO_C='\c'
ECHO_N=''
ECHO_T=''
EGREP='/usr/bin/grep -E'
EMULTIHOP_HIDDEN=''
EMULTIHOP_VALUE=''
ENOLINK_HIDDEN=''
ENOLINK_VALUE=''
EOVERFLOW_HIDDEN=''
EOVERFLOW_VALUE=''
ERRNO_H=''
ETAGS='etags'
EXEEXT=''
FGREP='/usr/bin/grep -F'
FILECMD='file'
FORTYTWO_CXXFLAGS=''
FORTYTWO_LIBS=''
GL_COND_LIBTOOL_FALSE='#'
GL_COND_LIBTOOL_TRUE=''
GL_GENERATE_ALLOCA_H_FALSE='#'
GL_GENERATE_ALLOCA_H_TRUE=''
GL_GENERATE_ERRNO_H_FALSE=''
GL_GENERATE_ERRNO_H_TRUE='#'
GL_GENERATE_STDBOOL_H_FALSE=''
GL_GENERATE_STDBOOL_H_TRUE='#'
GL_GENERATE_STDDEF_H_FALSE=''
GL_GENERATE_STDDEF_H_TRUE='#'
GL_GENERATE_STDINT_H_FALSE=''
GL_GENERATE_STDINT_H_TRUE='#'
GMP_CFLAGS='-I/Users/vaw1/Downloads/latte/Homebrew/opt/gmp/include'
GMP_LIBS='-L/Users/vaw1/Downloads/latte/Homebrew/opt/gmp/lib -lgmp -lgmpxx -lgmp'
GMP_VERSION=''
GNULIB_ATOLL='0'
GNULIB_CALLOC_POSIX='0'
GNULIB_CANONICALIZE_FILE_NAME='1'
GNULIB_CHDIR='0'
GNULIB_CHOWN='0'
GNULIB_CLOSE='0'
GNULIB_DUP2='0'
GNULIB_DUP3='0'
GNULIB_DUP='0'
GNULIB_ENVIRON='1'
GNULIB_EUIDACCESS='0'
GNULIB_FACCESSAT='0'
GNULIB_FCHDIR='0'
GNULIB_FCHMODAT='0'
GNULIB_FCHOWNAT='0'
GNULIB_FDATASYNC='0'
GNULIB_FFSL='0'
GNULIB_FFSLL='0'
GNULIB_FSTAT='0'
GNULIB_FSTATAT='0'
GNULIB_FSYNC='0'
GNULIB_FTRUNCATE='0'
GNULIB_FUTIMENS='0'
GNULIB_GETCWD='0'
GNULIB_GETDOMAINNAME='0'
GNULIB_GETDTABLESIZE='0'
GNULIB_GETGROUPS='0'
GNULIB_GETHOSTNAME='0'
GNULIB_GETLOADAVG='0'
GNULIB_GETLOGIN='0'
GNULIB_GETLOGIN_R='0'
GNULIB_GETPAGESIZE='0'
GNULIB_GETSUBOPT='0'
GNULIB_GETUSERSHELL='0'
GNULIB_GRANTPT='0'
GNULIB_GROUP_MEMBER='0'
GNULIB_ISATTY='0'
GNULIB_LCHMOD='0'
GNULIB_LCHOWN='0'
GNULIB_LINK='0'
GNULIB_LINKAT='0'
GNULIB_LSEEK='0'
GNULIB_LSTAT='1'
GNULIB_MALLOC_POSIX='0'
GNULIB_MBSCASECMP='0'
GNULIB_MBSCASESTR='0'
GNULIB_MBSCHR='0'
GNULIB_MBSCSPN='0'
GNULIB_MBSLEN='0'
GNULIB_MBSNCASECMP='0'
GNULIB_MBSNLEN='0'
GNULIB_MBSPBRK='0'
GNULIB_MBSPCASECMP='0'
GNULIB_MBSRCHR='0'
GNULIB_MBSSEP='0'
GNULIB_MBSSPN='0'
GNULIB_MBSSTR='0'
GNULIB_MBSTOK_R='0'
GNULIB_MBTOWC='0'
GNULIB_MEMCHR='0'
GNULIB_MEMMEM='0'
GNULIB_MEMPCPY='0'
GNULIB_MEMRCHR='0'
GNULIB_MKDIRAT='0'
GNULIB_MKDTEMP='0'
GNULIB_MKFIFO='0'
GNULIB_MKFIFOAT='0'
GNULIB_MKNOD='0'
GNULIB_MKNODAT='0'
GNULIB_MKOSTEMP='0'
GNULIB_MKOSTEMPS='0'
GNULIB_MKSTEMP='0'
GNULIB_MKSTEMPS='0'
GNULIB_MKTIME='0'
GNULIB_NANOSLEEP='0'
GNULIB_PIPE2='0'
GNULIB_PIPE='0'
GNULIB_POSIX_OPENPT='0'
GNULIB_PREAD='0'
GNULIB_PTSNAME='0'
GNULIB_PTSNAME_R='0'
GNULIB_PUTENV='0'
GNULIB_PWRITE='0'
GNULIB_RANDOM='0'
GNULIB_RANDOM_R='0'
GNULIB_RAWMEMCHR='0'
GNULIB_READ='0'
GNULIB_READLINK='1'
GNULIB_READLINKAT='0'
GNULIB_REALLOC_POSIX='0'
GNULIB_REALPATH='1'
GNULIB_RMDIR='0'
GNULIB_RPMATCH='0'
GNULIB_SECURE_GETENV='0'
GNULIB_SETENV='0'
GNULIB_SETHOSTNAME='0'
GNULIB_SLEEP='0'
GNULIB_STAT='1'
GNULIB_STPCPY='0'
GNULIB_STPNCPY='0'
GNULIB_STRCASESTR='0'
GNULIB_STRCHRNUL='0'
GNULIB_STRDUP='0'
GNULIB_STRERROR='1'
GNULIB_STRERROR_R='0'
GNULIB_STRNCAT='0'
GNULIB_STRNDUP='0'
GNULIB_STRNLEN='0'
GNULIB_STRPBRK='0'
GNULIB_STRPTIME='0'
GNULIB_STRSEP='0'
GNULIB_STRSIGNAL='0'
GNULIB_STRSTR='0'
GNULIB_STRTOD='0'
GNULIB_STRTOK_R='0'
GNULIB_STRTOLL='0'
GNULIB_STRTOULL='0'
GNULIB_STRVERSCMP='0'
GNULIB_SYMLINK='0'
GNULIB_SYMLINKAT='0'
GNULIB_SYSTEM_POSIX='0'
GNULIB_TIMEGM='0'
GNULIB_TIME_R='0'
GNULIB_TTYNAME_R='0'
GNULIB_UNISTD_H_NONBLOCKING='0'
GNULIB_UNISTD_H_SIGPIPE='0'
GNULIB_UNLINK='0'
GNULIB_UNLINKAT='0'
GNULIB_UNLOCKPT='0'
GNULIB_UNSETENV='0'
GNULIB_USLEEP='0'
GNULIB_UTIMENSAT='0'
GNULIB_WCTOMB='0'
GNULIB_WRITE='0'
GNULIB__EXIT='0'
GREP='/usr/bin/grep'
HAVE_ATOLL='1'
HAVE_CANONICALIZE_FILE_NAME='0'
HAVE_CDDLIB_FALSE='#'
HAVE_CDDLIB_TRUE=''
HAVE_CHOWN='1'
HAVE_CPLEX_FALSE=''
HAVE_CPLEX_TRUE='#'
HAVE_DATABASE_FALSE=''
HAVE_DATABASE_TRUE='#'
HAVE_DECL_ENVIRON='0'
HAVE_DECL_FCHDIR='1'
HAVE_DECL_FDATASYNC='1'
HAVE_DECL_GETDOMAINNAME='1'
HAVE_DECL_GETLOADAVG='1'
HAVE_DECL_GETLOGIN_R='1'
HAVE_DECL_GETPAGESIZE='1'
HAVE_DECL_GETUSERSHELL='1'
HAVE_DECL_LOCALTIME_R='1'
HAVE_DECL_MEMMEM='1'
HAVE_DECL_MEMRCHR='1'
HAVE_DECL_SETENV='1'
HAVE_DECL_SETHOSTNAME='1'
HAVE_DECL_STRDUP='1'
HAVE_DECL_STRERROR_R='1'
HAVE_DECL_STRNDUP='1'
HAVE_DECL_STRNLEN='1'
HAVE_DECL_STRSIGNAL='1'
HAVE_DECL_STRTOK_R='1'
HAVE_DECL_TTYNAME_R='1'
HAVE_DECL_UNSETENV='1'
HAVE_DUP2='1'
HAVE_DUP3='1'
HAVE_EUIDACCESS='1'
HAVE_EXPERIMENTS_FALSE=''
HAVE_EXPERIMENTS_TRUE='#'
HAVE_FACCESSAT='1'
HAVE_FCHDIR='1'
HAVE_FCHMODAT='1'
HAVE_FCHOWNAT='1'
HAVE_FDATASYNC='1'
HAVE_FFSL='1'
HAVE_FFSLL='1'
HAVE_FORTYTWO_LIB_FALSE=''
HAVE_FORTYTWO_LIB_TRUE='#'
HAVE_FSTATAT='1'
HAVE_FSYNC='1'
HAVE_FTRUNCATE='1'
HAVE_FUTIMENS='1'
HAVE_GETDTABLESIZE='1'
HAVE_GETGROUPS='1'
HAVE_GETHOSTNAME='1'
HAVE_GETLOGIN='1'
HAVE_GETPAGESIZE='1'
HAVE_GETSUBOPT='1'
HAVE_GRANTPT='1'
HAVE_GROUP_MEMBER='1'
HAVE_INTTYPES_H='1'
HAVE_LCHMOD='1'
HAVE_LCHOWN='1'
HAVE_LIDIA_FALSE=''
HAVE_LIDIA_TRUE='#'
HAVE_LINK='1'
HAVE_LINKAT='1'
HAVE_LONG_LONG_INT='1'
HAVE_LSTAT='1'
HAVE_MAPLE_FALSE=''
HAVE_MAPLE_TRUE='#'
HAVE_MBSLEN='0'
HAVE_MEMCHR='1'
HAVE_MEMPCPY='1'
HAVE_MKDIRAT='1'
HAVE_MKDTEMP='1'
HAVE_MKFIFO='1'
HAVE_MKFIFOAT='1'
HAVE_MKNOD='1'
HAVE_MKNODAT='1'
HAVE_MKOSTEMP='1'
HAVE_MKOSTEMPS='1'
HAVE_MKSTEMP='1'
HAVE_MKSTEMPS='1'
HAVE_MSVC_INVALID_PARAMETER_HANDLER='0'
HAVE_NANOSLEEP='1'
HAVE_OS_H='0'
HAVE_PIPE2='1'
HAVE_PIPE='1'
HAVE_POSIX_OPENPT='1'
HAVE_PREAD='1'
HAVE_PROGRAMMER_HELPER_FALSE=''
HAVE_PROGRAMMER_HELPER_TRUE='#'
HAVE_PTSNAME='1'
HAVE_PTSNAME_R='1'
HAVE_PWRITE='1'
HAVE_RANDOM='1'
HAVE_RANDOM_H='1'
HAVE_RANDOM_R='1'
HAVE_RAWMEMCHR='1'
HAVE_READLINK='1'
HAVE_READLINKAT='1'
HAVE_REALPATH='1'
HAVE_RPMATCH='1'
HAVE_SECURE_GETENV='1'
HAVE_SETENV='1'
HAVE_SETHOSTNAME='1'
HAVE_SIGNED_SIG_ATOMIC_T=''
HAVE_SIGNED_WCHAR_T=''
HAVE_SIGNED_WINT_T=''
HAVE_SLEEP='1'
HAVE_STDINT_H='1'
HAVE_STPCPY='1'
HAVE_STPNCPY='1'
HAVE_STRCASESTR='1'
HAVE_STRCHRNUL='1'
HAVE_STRPBRK='1'
HAVE_STRPTIME='1'
HAVE_STRSEP='1'
HAVE_STRTOD='1'
HAVE_STRTOLL='1'
HAVE_STRTOULL='1'
HAVE_STRUCT_RANDOM_DATA='1'
HAVE_STRVERSCMP='1'
HAVE_SYMLINK='1'
HAVE_SYMLINKAT='1'
HAVE_SYS_BITYPES_H=''
HAVE_SYS_INTTYPES_H=''
HAVE_SYS_LOADAVG_H='0'
HAVE_SYS_PARAM_H='0'
HAVE_SYS_TYPES_H='1'
HAVE_TIMEGM='1'
HAVE_TOPCOM_BIN_FALSE=''
HAVE_TOPCOM_BIN_TRUE='#'
HAVE_TOPCOM_LIB_FALSE=''
HAVE_TOPCOM_LIB_TRUE='#'
HAVE_UNISTD_H='1'
HAVE_UNLINKAT='1'
HAVE_UNLOCKPT='1'
HAVE_UNSIGNED_LONG_LONG_INT='1'
HAVE_USLEEP='1'
HAVE_UTIMENSAT='1'
HAVE_WCHAR_H='1'
HAVE_WCHAR_T='1'
HAVE_WINSOCK2_H='0'
HAVE__BOOL='1'
HAVE__EXIT='1'
INCLUDE_NEXT='include_next'
INCLUDE_NEXT_AS_FIRST_DIRECTIVE='include_next'
INSTALL_DATA='${INSTALL} -m 644'
INSTALL_PROGRAM='${INSTALL}'
INSTALL_PROGRAM_ENV=''
INSTALL_SCRIPT='${INSTALL}'
INSTALL_STRIP_PROGRAM='$(install_sh) -c -s'
LD='/Library/Developer/CommandLineTools/usr/bin/ld'
LDFLAGS=''
LIBINTL=''
LIBOBJS=''
LIBS=''
LIBTOOL='$(SHELL) $(top_builddir)/libtool'
LIDIA_CFLAGS=''
LIDIA_INCDIR='LiDIA'
LIDIA_LIBS=''
LINBOX_HAVE_NTL_FALSE='#'
LINBOX_HAVE_NTL_TRUE=''
LIPO='lipo'
LN_S='ln -s'
LRS=''
LTLIBINTL=''
LTLIBOBJS=''
LT_SYS_LIBRARY_PATH=''
MAINT='#'
MAINTAINER_MODE_FALSE=''
MAINTAINER_MODE_TRUE='#'
MAKEINFO='${SHELL} '\''/Users/vaw1/Downloads/latte/latte/missing'\'' makeinfo'
MANIFEST_TOOL=':'
MAPLEBIN='maple'
MAPLE_SCRIPT_DIR='/Users/vaw1/latte/share/latte-int'
MKDIR_P='mkdir -p'
NEXT_AS_FIRST_DIRECTIVE_ERRNO_H=''
NEXT_AS_FIRST_DIRECTIVE_STDDEF_H=''
NEXT_AS_FIRST_DIRECTIVE_STDINT_H='<stdint.h>'
NEXT_AS_FIRST_DIRECTIVE_STDLIB_H='<stdlib.h>'
NEXT_AS_FIRST_DIRECTIVE_STRING_H='<string.h>'
NEXT_AS_FIRST_DIRECTIVE_SYS_STAT_H='<sys/stat.h>'
NEXT_AS_FIRST_DIRECTIVE_SYS_TYPES_H='<sys/types.h>'
NEXT_AS_FIRST_DIRECTIVE_TIME_H='<time.h>'
NEXT_AS_FIRST_DIRECTIVE_UNISTD_H='<unistd.h>'
NEXT_ERRNO_H=''
NEXT_STDDEF_H=''
NEXT_STDINT_H='<stdint.h>'
NEXT_STDLIB_H='<stdlib.h>'
NEXT_STRING_H='<string.h>'
NEXT_SYS_STAT_H='<sys/stat.h>'
NEXT_SYS_TYPES_H='<sys/types.h>'
NEXT_TIME_H='<time.h>'
NEXT_UNISTD_H='<unistd.h>'
NM='/usr/bin/nm -B'
NMEDIT='nmedit'
NTL_CFLAGS='-I/Users/vaw1/Downloads/latte/Homebrew/opt/ntl/include'
NTL_LIBS='-L/Users/vaw1/Downloads/latte/Homebrew/opt/ntl/lib -lntl'
OBJDUMP='objdump'
OBJEXT='o'
OTOOL64=':'
OTOOL='otool'
PACKAGE='latte-int'
PACKAGE_BUGREPORT=''
PACKAGE_NAME='latte-int'
PACKAGE_STRING='latte-int 1.7.6'
PACKAGE_TARNAME='latte-int'
PACKAGE_URL=''
PACKAGE_VERSION='1.7.6'
PATH_SEPARATOR=':'
PRAGMA_COLUMNS=''
PRAGMA_SYSTEM_HEADER='#pragma GCC system_header'
PTHREAD_H_DEFINES_STRUCT_TIMESPEC='0'
PTRDIFF_T_SUFFIX=''
RANLIB='ranlib'
REDCHECK='/Users/vaw1/Downloads/latte/homebrew/bin/redcheck_gmp'
RELOCATABLE='no'
RELOCATABLE_BUILD_DIR='$(top_builddir)/code/gnulib'
RELOCATABLE_CONFIG_H_DIR='$(top_builddir)/code'
RELOCATABLE_LDFLAGS=''
RELOCATABLE_LIBRARY_PATH='$(libdir)'
RELOCATABLE_SRC_DIR='$(top_srcdir)/code/gnulib'
RELOCATABLE_STRIP=':'
RELOCATABLE_VIA_LD_FALSE=''
RELOCATABLE_VIA_LD_TRUE='#'
RELOCATABLE_VIA_WRAPPER_FALSE=''
RELOCATABLE_VIA_WRAPPER_TRUE='#'
REPLACE_CALLOC='0'
REPLACE_CANONICALIZE_FILE_NAME='0'
REPLACE_CHOWN='0'
REPLACE_CLOSE='0'
REPLACE_DUP2='0'
REPLACE_DUP='0'
REPLACE_FCHOWNAT='0'
REPLACE_FSTAT='0'
REPLACE_FSTATAT='0'
REPLACE_FTRUNCATE='0'
REPLACE_FUTIMENS='0'
REPLACE_GETCWD='0'
REPLACE_GETDOMAINNAME='0'
REPLACE_GETGROUPS='0'
REPLACE_GETLOGIN_R='0'
REPLACE_GETPAGESIZE='0'
REPLACE_ISATTY='0'
REPLACE_LCHOWN='0'
REPLACE_LINK='0'
REPLACE_LINKAT='0'
REPLACE_LOCALTIME_R='GNULIB_PORTCHECK'
REPLACE_LSEEK='0'
REPLACE_LSTAT='1'
REPLACE_MALLOC='0'
REPLACE_MBTOWC='0'
REPLACE_MEMCHR='0'
REPLACE_MEMMEM='0'
REPLACE_MKDIR='0'
REPLACE_MKFIFO='0'
REPLACE_MKNOD='0'
REPLACE_MKSTEMP='0'
REPLACE_MKTIME='GNULIB_PORTCHECK'
REPLACE_NANOSLEEP='GNULIB_PORTCHECK'
REPLACE_NULL='0'
REPLACE_PREAD='0'
REPLACE_PTSNAME='0'
REPLACE_PTSNAME_R='0'
REPLACE_PUTENV='0'
REPLACE_PWRITE='0'
REPLACE_RANDOM_R='0'
REPLACE_READ='0'
REPLACE_READLINK='1'
REPLACE_REALLOC='0'
REPLACE_REALPATH='1'
REPLACE_RMDIR='0'
REPLACE_SETENV='0'
REPLACE_SLEEP='0'
REPLACE_STAT='1'
REPLACE_STPNCPY='0'
REPLACE_STRCASESTR='0'
REPLACE_STRCHRNUL='0'
REPLACE_STRDUP='0'
REPLACE_STRERROR='1'
REPLACE_STRERROR_R='0'
REPLACE_STRNCAT='0'
REPLACE_STRNDUP='0'
REPLACE_STRNLEN='0'
REPLACE_STRSIGNAL='0'
REPLACE_STRSTR='0'
REPLACE_STRTOD='0'
REPLACE_STRTOK_R='0'
REPLACE_SYMLINK='0'
REPLACE_TIMEGM='GNULIB_PORTCHECK'
REPLACE_TTYNAME_R='0'
REPLACE_UNLINK='0'
REPLACE_UNLINKAT='0'
REPLACE_UNSETENV='0'
REPLACE_USLEEP='0'
REPLACE_UTIMENSAT='0'
REPLACE_WCTOMB='0'
REPLACE_WRITE='0'
SED='/usr/bin/sed'
SET_MAKE=''
SHELL='/bin/sh'
SIG_ATOMIC_T_SUFFIX=''
SIZE_T_SUFFIX=''
STDBOOL_H=''
STDDEF_H=''
STDINT_H=''
STRIP='strip'
SYS_TIME_H_DEFINES_STRUCT_TIMESPEC='0'
TIME_H_DEFINES_STRUCT_TIMESPEC='1'
TOPCOM_POINTS2PLACINGTRIANG=''
TOPCOM_POINTS2TRIANGS=''
UNDEFINE_STRTOK_R='0'
UNISTD_H_HAVE_WINSOCK2_H='0'
UNISTD_H_HAVE_WINSOCK2_H_AND_USE_SOCKETS='0'
VERSION='1.7.6'
WCHAR_T_SUFFIX=''
WINDOWS_64_BIT_OFF_T='0'
WINDOWS_64_BIT_ST_SIZE='0'
WINT_T_SUFFIX=''
ac_ct_AR='ar'
ac_ct_CC='gcc'
ac_ct_CXX='g++'
ac_ct_DUMPBIN=''
am__EXEEXT_FALSE=''
am__EXEEXT_TRUE='#'
am__fastdepCC_FALSE='#'
am__fastdepCC_TRUE=''
am__fastdepCXX_FALSE='#'
am__fastdepCXX_TRUE=''
am__include='include'
am__isrc=''
am__leading_dot='.'
am__nodep='_no'
am__quote=''
am__rm_f_notfound=''
am__tar='tar --format=ustar -chf - "$$tardir"'
am__untar='tar -xf -'
am__xargs_n='xargs -n'
bindir='${exec_prefix}/bin'
build='aarch64-apple-darwin23.0.0'
build_alias=''
build_cpu='aarch64'
build_os='darwin23.0.0'
build_vendor='apple'
datadir='${datarootdir}'
datarootdir='${prefix}/share'
docdir='${datarootdir}/doc/${PACKAGE_TARNAME}'
dvidir='${docdir}'
exec_prefix='${prefix}'
gl_LIBOBJS=' canonicalize-lgpl.o error.o lstat.o readlink.o stat.o strerror.o strerror-override.o'
gl_LTLIBOBJS=' canonicalize-lgpl.lo error.lo lstat.lo readlink.lo stat.lo strerror.lo strerror-override.lo'
gltests_LIBOBJS=''
gltests_LTLIBOBJS=''
gltests_WITNESS='IN_LATTE_INT_GNULIB_TESTS'
host='aarch64-apple-darwin23.0.0'
host_alias=''
host_cpu='aarch64'
host_os='darwin23.0.0'
host_vendor='apple'
htmldir='${docdir}'
includedir='${prefix}/include'
infodir='${datarootdir}/info'
install_sh='${SHELL} /Users/vaw1/Downloads/latte/latte/install-sh'
libdir='${exec_prefix}/lib'
libexecdir='${exec_prefix}/libexec'
localedir='${datarootdir}/locale'
localstatedir='${prefix}/var'
mandir='${datarootdir}/man'
mkdir_p='$(MKDIR_P)'
oldincludedir='/usr/include'
pdfdir='${docdir}'
prefix='/Users/vaw1/latte'
program_transform_name='s,x,x,'
psdir='${docdir}'
runstatedir='${localstatedir}/run'
sbindir='${exec_prefix}/sbin'
sharedstatedir='${prefix}/com'
sysconfdir='${prefix}/etc'
target_alias=''

## ----------- ##
## confdefs.h. ##
## ----------- ##

/* confdefs.h */
#define PACKAGE_NAME "latte-int"
#define PACKAGE_TARNAME "latte-int"
#define PACKAGE_VERSION "1.7.6"
#define PACKAGE_STRING "latte-int 1.7.6"
#define PACKAGE_BUGREPORT ""
#define PACKAGE_URL ""
#define PACKAGE "latte-int"
#define VERSION "1.7.6"
#define HAVE_STDIO_H 1
#define HAVE_STDLIB_H 1
#define HAVE_STRING_H 1
#define HAVE_INTTYPES_H 1
#define HAVE_STDINT_H 1
#define HAVE_STRINGS_H 1
#define HAVE_SYS_STAT_H 1
#define HAVE_SYS_TYPES_H 1
#define HAVE_UNISTD_H 1
#define STDC_HEADERS 1
#define __EXTENSIONS__ 1
#define _ALL_SOURCE 1
#define _DARWIN_C_SOURCE 1
#define _GNU_SOURCE 1
#define _POSIX_PTHREAD_SEMANTICS 1
#define _TANDEM_SOURCE 1
#define HAVE_DLFCN_H 1
#define LT_OBJDIR ".libs/"
#define HAVE_ALLOCA_H 1
#define HAVE_ALLOCA 1
#define HAVE_GETCWD 1
#define HAVE_READLINK 1
#define HAVE_REALPATH 1
#define HAVE_READLINKAT 1
#define HAVE_LSTAT 1
#define HAVE_SETENV 1
#define HAVE_SYS_PARAM_H 1
#define HAVE_UNISTD_H 1
#define HAVE_WCHAR_H 1
#define HAVE_STDINT_H 1
#define HAVE_SYS_SOCKET_H 1
#define HAVE_SYS_STAT_H 1
#define HAVE_SYS_TIME_H 1
#define HAVE_DECL_STRERROR_R 1
#define HAVE_STRERROR_R 1
#define MALLOC_0_IS_NONNULL 1
#define HAVE_UNSIGNED_LONG_LONG_INT 1
#define HAVE_LONG_LONG_INT 1
#define INSTALLPREFIX "/Users/vaw1/latte"
#define HAVE_DECL_SETENV 1
#define HAVE__BOOL 1
#define HAVE_WCHAR_T 1
#define REPLACE_STRERROR_0 1
#define restrict __restrict__
#define HAVE_RAW_DECL_FFSL 1
#define HAVE_RAW_DECL_FFSLL 1
#define HAVE_RAW_DECL_MEMMEM 1
#define HAVE_RAW_DECL_STPCPY 1
#define HAVE_RAW_DECL_STPNCPY 1
#define HAVE_RAW_DECL_STRDUP 1
#define HAVE_RAW_DECL_STRNCAT 1
#define HAVE_RAW_DECL_STRNDUP 1
#define HAVE_RAW_DECL_STRNLEN 1
#define HAVE_RAW_DECL_STRPBRK 1
#define HAVE_RAW_DECL_STRSEP 1
#define HAVE_RAW_DECL_STRCASESTR 1
#define HAVE_RAW_DECL_STRTOK_R 1
#define HAVE_RAW_DECL_STRERROR_R 1
#define HAVE_RAW_DECL_STRSIGNAL 1
#define HAVE_ALLOCA 1
#define GNULIB_CANONICALIZE_LGPL 1
#define GNULIB_TEST_CANONICALIZE_FILE_NAME 1
#define GNULIB_TEST_REALPATH 1
#define GNULIB_TEST_ENVIRON 1
#define GNULIB_TEST_LSTAT 1
#define HAVE_DECL_PROGRAM_INVOCATION_NAME 0
#define HAVE_DECL_PROGRAM_INVOCATION_SHORT_NAME 0
#define READLINK_TRAILING_SLASH_BUG 1
#define GNULIB_TEST_READLINK 1
#define HAVE_SEARCH_H 1
#define HAVE_TSEARCH 1
#define REPLACE_FUNC_STAT_FILE 1
#define GNULIB_TEST_STAT 1
#define HAVE_RAW_DECL__EXIT 1
#define HAVE_RAW_DECL_ATOLL 1
#define HAVE_RAW_DECL_GETLOADAVG 1
#define HAVE_RAW_DECL_GETSUBOPT 1
#define HAVE_RAW_DECL_GRANTPT 1
#define HAVE_RAW_DECL_INITSTATE 1
#define HAVE_RAW_DECL_MKSTEMP 1
#define HAVE_RAW_DECL_POSIX_OPENPT 1
#define HAVE_RAW_DECL_PTSNAME 1
#define HAVE_RAW_DECL_PTSNAME_R 1
#define HAVE_RAW_DECL_RANDOM 1
#define HAVE_RAW_DECL_REALPATH 1
#define HAVE_RAW_DECL_RPMATCH 1
#define HAVE_RAW_DECL_SETENV 1
#define HAVE_RAW_DECL_SETSTATE 1
#define HAVE_RAW_DECL_SRANDOM 1
#define HAVE_RAW_DECL_STRTOD 1
#define HAVE_RAW_DECL_STRTOLL 1
#define HAVE_RAW_DECL_STRTOULL 1
#define HAVE_RAW_DECL_UNLOCKPT 1
#define HAVE_RAW_DECL_UNSETENV 1
#define GNULIB_STRERROR 1
#define GNULIB_TEST_STRERROR 1
#define HAVE_RAW_DECL_FCHMODAT 1
#define HAVE_RAW_DECL_FSTAT 1
#define HAVE_RAW_DECL_FSTATAT 1
#define HAVE_RAW_DECL_FUTIMENS 1
#define HAVE_RAW_DECL_LCHMOD 1
#define HAVE_RAW_DECL_LSTAT 1
#define HAVE_RAW_DECL_MKDIRAT 1
#define HAVE_RAW_DECL_MKFIFO 1
#define HAVE_RAW_DECL_MKFIFOAT 1
#define HAVE_RAW_DECL_MKNOD 1
#define HAVE_RAW_DECL_MKNODAT 1
#define HAVE_RAW_DECL_STAT 1
#define HAVE_RAW_DECL_UTIMENSAT 1
#define HAVE_RAW_DECL_CHDIR 1
#define HAVE_RAW_DECL_CHOWN 1
#define HAVE_RAW_DECL_DUP 1
#define HAVE_RAW_DECL_DUP2 1
#define HAVE_RAW_DECL_FACCESSAT 1
#define HAVE_RAW_DECL_FCHDIR 1
#define HAVE_RAW_DECL_FCHOWNAT 1
#define HAVE_RAW_DECL_FSYNC 1
#define HAVE_RAW_DECL_FTRUNCATE 1
#define HAVE_RAW_DECL_GETCWD 1
#define HAVE_RAW_DECL_GETDOMAINNAME 1
#define HAVE_RAW_DECL_GETDTABLESIZE 1
#define HAVE_RAW_DECL_GETGROUPS 1
#define HAVE_RAW_DECL_GETHOSTNAME 1
#define HAVE_RAW_DECL_GETLOGIN 1
#define HAVE_RAW_DECL_GETLOGIN_R 1
#define HAVE_RAW_DECL_GETPAGESIZE 1
#define HAVE_RAW_DECL_GETUSERSHELL 1
#define HAVE_RAW_DECL_SETUSERSHELL 1
#define HAVE_RAW_DECL_ENDUSERSHELL 1
#define HAVE_RAW_DECL_ISATTY 1
#define HAVE_RAW_DECL_LCHOWN 1
#define HAVE_RAW_DECL_LINK 1
#define HAVE_RAW_DECL_LINKAT 1
#define HAVE_RAW_DECL_LSEEK 1
#define HAVE_RAW_DECL_PIPE 1
#define HAVE_RAW_DECL_PREAD 1
#define HAVE_RAW_DECL_PWRITE 1
#define HAVE_RAW_DECL_READLINK 1
#define HAVE_RAW_DECL_READLINKAT 1
#define HAVE_RAW_DECL_RMDIR 1
#define HAVE_RAW_DECL_SETHOSTNAME 1
#define HAVE_RAW_DECL_SLEEP 1
#define HAVE_RAW_DECL_SYMLINK 1
#define HAVE_RAW_DECL_SYMLINKAT 1
#define HAVE_RAW_DECL_TTYNAME_R 1
#define HAVE_RAW_DECL_UNLINK 1
#define HAVE_RAW_DECL_UNLINKAT 1
#define HAVE_RAW_DECL_USLEEP 1
#define HAVE_STDLIB_H 1
#define HAVE_STRING_H 1
#define HAVE_SYS_PARAM_H 1
#define HAVE__BOOL 1
#define HAVE_STDBOOL_H 1
#define HAVE_MALLOC 1
#define HAVE_POW 1
#define HAVE_SQRT 1
#define HAVE_SSTREAM 1
#define MAPLE_SCRIPT_DIR "/Users/vaw1/latte/share/latte-int"
#define HAVE_GMP 1
#define HAVE_NTL 1
#define CDD_PATH "/Users/vaw1/Downloads/latte/homebrew/bin/scdd_gmp"
#define REDCHECK_PATH "/Users/vaw1/Downloads/latte/homebrew/bin/redcheck_gmp"
#define CDDLIB_SETOPER_H <cddlib/setoper.h>
#define CDDLIB_CDDMP_H <cddlib/cddmp.h>
#define CDDLIB_CDD_H <cddlib/cdd.h>
#define HAVE_CDDLIB 1
#define LRS_PATH ""
#define MAPLE_PATH "maple"
#define TOPCOM_POINTS2TRIANGS ""
#define TOPCOM_POINTS2PLACINGTRIANG ""
#define HAVE_STD_SHARED_PTR 1

configure: exit 0
